SET NAMES utf8mb4;
-- ============================================================
-- Nova Consumer Demo — Metadata Tables
-- Bảng mô tả cấu trúc database cho AI engine
-- ============================================================

USE nova_consumer_demo;

INSERT INTO `_meta_tables` (`table_name`, `description_vi`, `description_en`, `business_context`, `row_count_estimate`) VALUES
  ('_meta_columns', 'Mô tả từng cột trong database', 'Column descriptions metadata', 'AI engine dùng để hiểu ý nghĩa từng cột, đơn vị', NULL),
  ('_meta_glossary', 'Thuật ngữ ngành Nông nghiệp & Chăn nuôi VN-EN', 'Industry glossary Vietnamese-English', 'AI engine dùng để hiểu thuật ngữ chuyên ngành', NULL),
  ('_meta_kpi', 'Định nghĩa KPI và công thức SQL', 'KPI definitions with SQL formulas', 'AI engine dùng để tính KPI chính xác', NULL),
  ('_meta_tables', 'Mô tả từng bảng trong database', 'Table descriptions metadata', 'AI engine dùng để hiểu cấu trúc database', 23),
  ('bill_of_materials', 'Công thức sản phẩm TACN: lượng NVL cần cho mỗi tấn thành phẩm', 'Product bill of materials', 'Dùng kết hợp với material_purchases để tính impact giá NVL lên COGS', 748),
  ('business_segments', 'Các mảng kinh doanh cốt lõi của Nova Consumer: Thuốc thú y & Vaccine, Thức ăn chăn nuôi, Trang trại', 'Core business segments of Nova Consumer Group', 'Dùng khi cần phân tích theo mảng kinh doanh, so sánh hiệu quả giữa các mảng', 3),
  ('customers', 'Khách hàng/đại lý phân theo segment, kênh, vùng miền, tier (A/B/C)', 'Customers and dealers', 'Dùng khi phân tích khách hàng, top customers, retention', 200),
  ('distribution_channels', 'Kênh phân phối: đại lý, trang trại lớn, BV thú y, xuất khẩu, nội bộ, online', 'Distribution channels', 'Dùng khi phân tích doanh thu theo kênh, chiến lược phân phối', 10),
  ('factories', 'Hệ thống nhà máy sản xuất: 3 NM TACN (Long An, Đồng Nai, Hưng Yên) + 2 NM Thuốc thú y', 'Manufacturing facilities for feed and veterinary products', 'Dùng khi phân tích sản xuất, công suất, chi phí SX', 5),
  ('farm_operations', 'Vận hành trang trại hàng tháng: đàn vật nuôi, chi phí, doanh thu', 'Monthly farm operations', 'Dùng khi phân tích chi phí chăn nuôi, hiệu quả trang trại', 126),
  ('farms', 'Hệ thống trang trại chăn nuôi: Hàm Tân (heo), Đắk Nông (heo+gà), Bình Dương (bò)', 'Livestock farms', 'Dùng khi phân tích vận hành trang trại, đàn vật nuôi', 3),
  ('logistics_costs', 'Chi phí vận chuyển giữa nhà máy và vùng tiêu thụ', 'Logistics cost matrix', 'Dùng cho S4 follow-up: tính chi phí logistics khi chuyển sản lượng giữa NM', 21),
  ('material_purchases', 'Lịch sử mua NVL chi tiết: ngày mua, giá, khối lượng, nhà cung cấp, nhà máy', 'Raw material purchase history', 'Bảng chính cho S3: tracking giá NVL theo thời gian, so sánh giữa nhà máy', 5292),
  ('product_categories', 'Phân cấp danh mục sản phẩm 3 level: Group → Category → Sub-category', 'Product category hierarchy', 'Dùng khi phân tích theo nhóm sản phẩm, drill-down từ mảng KD xuống danh mục', 26),
  ('production_monthly', 'Chi phí và sản lượng sản xuất theo nhà máy, hàng tháng. Breakdown: NVL, nhân công, khấu hao, overhead', 'Monthly production data by factory', 'Bảng chính cho S2+S4: chi phí SX/tấn, utilization rate. Có generated columns', 90),
  ('production_orders', 'Đơn hàng sản xuất: tracking sản lượng theo khách hàng, tiến độ', 'Production orders', 'Dùng khi phân tích demand, mất khách (S2 anomaly)', 2987),
  ('products', 'Danh mục SKU sản phẩm toàn tập đoàn: thuốc thú y, TACN, sản phẩm trang trại', 'Product SKU catalog', 'Dùng khi phân tích doanh thu/margin theo sản phẩm, Pareto analysis', 148),
  ('raw_materials', 'Danh mục nguyên vật liệu: NVL TACN (ngô, đậu tương, cám...) + NVL thuốc thú y', 'Raw materials catalog', 'Dùng khi phân tích giá NVL, biến động chi phí, COGS breakdown', 15),
  ('regions', 'Hệ thống vùng miền và tỉnh thành Việt Nam, 7 vùng kinh tế + tỉnh trọng điểm', 'Vietnamese economic regions and provinces', 'Dùng khi phân tích geographic, phân bổ thị trường, logistics', 25),
  ('sales_transactions', 'Giao dịch bán hàng chi tiết: sản phẩm, khách hàng, kênh, nhà máy, vùng miền', 'Detailed sales transactions', 'Bảng lớn nhất — phân tích doanh thu đa chiều: sản phẩm × kênh × vùng × thời gian', 38141),
  ('segment_financials', 'Báo cáo tài chính P&L theo mảng kinh doanh, hàng tháng. 18 tháng (07/2024-12/2025)', 'Monthly P&L by business segment', 'Bảng chính cho S1: phân tích margin, DT, COGS theo mảng. Có generated columns gross_profit, gross_margin_pct', 54),
  ('subsidiaries', 'Danh sách công ty con và liên kết thuộc Nova Consumer Group', 'Subsidiaries and affiliated companies', 'Dùng khi cần truy xuất thông tin công ty con, phân tích theo đơn vị pháp lý', 8),
  ('suppliers', 'Nhà cung cấp NVL trong và ngoài nước: Cargill, Bunge, HTX nội địa...', 'Raw material suppliers', 'Dùng khi phân tích sourcing, so sánh giá giữa nhà cung cấp', 30);

INSERT INTO `_meta_columns` (`table_name`, `column_name`, `data_type`, `description_vi`, `description_en`, `unit`, `example_values`) VALUES
  ('segment_financials', 'segment_id', 'TINYINT', 'FK tới business_segments', 'FK to business_segments', NULL, '1, 2, 3'),
  ('segment_financials', 'year_month', 'DATE', 'Tháng báo cáo (ngày đầu tháng)', 'Report month (first day)', NULL, '2025-12-01'),
  ('segment_financials', 'total_revenue', 'DECIMAL(15,2)', 'Doanh thu thuần tháng', 'Monthly net revenue', 'triệu VND', '195000'),
  ('segment_financials', 'total_cogs', 'DECIMAL(15,2)', 'Giá vốn hàng bán tháng', 'Monthly COGS', 'triệu VND', '165750'),
  ('segment_financials', 'gross_profit', 'DECIMAL(15,2)', 'Lợi nhuận gộp (generated = revenue - cogs)', 'Gross profit (auto-calculated)', 'triệu VND', '29250'),
  ('segment_financials', 'gross_margin_pct', 'DECIMAL(5,2)', 'Biên lợi nhuận gộp (generated)', 'Gross margin percentage (auto)', '%', '15.00'),
  ('segment_financials', 'operating_expense', 'DECIMAL(15,2)', 'Chi phí hoạt động (SGA)', 'Operating expenses', 'triệu VND', '15600'),
  ('segment_financials', 'headcount', 'INT', 'Số nhân sự', 'Employee headcount', 'người', '1800'),
  ('production_monthly', 'factory_id', 'SMALLINT', 'FK tới factories', 'FK to factories', NULL, '1, 2, 3'),
  ('production_monthly', 'year_month', 'DATE', 'Tháng sản xuất', 'Production month', NULL, '2025-12-01'),
  ('production_monthly', 'actual_output_tons', 'DECIMAL(10,2)', 'Sản lượng thực tế', 'Actual output', 'tấn', '18000'),
  ('production_monthly', 'max_capacity_tons', 'DECIMAL(10,2)', 'Công suất thiết kế tháng đó', 'Design capacity', 'tấn', '25000'),
  ('production_monthly', 'utilization_pct', 'DECIMAL(5,2)', 'Hiệu suất sử dụng công suất (generated)', 'Capacity utilization rate (auto)', '%', '72.00'),
  ('production_monthly', 'raw_material_cost', 'DECIMAL(15,2)', 'Chi phí nguyên vật liệu', 'Raw material cost', 'triệu VND', '42000'),
  ('production_monthly', 'labor_cost', 'DECIMAL(15,2)', 'Chi phí nhân công (cố định + biến đổi)', 'Labor cost (fixed + variable)', 'triệu VND', '14200'),
  ('production_monthly', 'depreciation', 'DECIMAL(15,2)', 'Khấu hao tài sản cố định', 'Depreciation', 'triệu VND', '11640'),
  ('production_monthly', 'overhead', 'DECIMAL(15,2)', 'Chi phí SX chung: điện, nước, bảo trì...', 'Manufacturing overhead', 'triệu VND', '10900'),
  ('production_monthly', 'total_production_cost', 'DECIMAL(15,2)', 'Tổng chi phí SX (generated)', 'Total production cost (auto)', 'triệu VND', '78740'),
  ('production_monthly', 'cost_per_ton', 'DECIMAL(10,2)', 'Chi phí SX trên mỗi tấn (generated)', 'Cost per ton (auto)', 'triệu VND/tấn', '4.37'),
  ('production_monthly', 'waste_pct', 'DECIMAL(5,2)', 'Tỷ lệ hao hụt NVL', 'Material waste rate', '%', '2.0'),
  ('material_purchases', 'factory_id', 'SMALLINT', 'Nhà máy mua NVL', 'Purchasing factory', NULL, '1, 2, 3'),
  ('material_purchases', 'material_id', 'SMALLINT', 'FK tới raw_materials', 'FK to raw_materials', NULL, '1 (Ngô)'),
  ('material_purchases', 'supplier_id', 'SMALLINT', 'FK tới suppliers', 'FK to suppliers', NULL, NULL),
  ('material_purchases', 'purchase_date', 'DATE', 'Ngày mua hàng', 'Purchase date', NULL, '2025-12-15'),
  ('material_purchases', 'quantity_tons', 'DECIMAL(10,3)', 'Khối lượng mua', 'Purchase quantity', 'tấn', '150.5'),
  ('material_purchases', 'unit_price', 'DECIMAL(12,2)', 'Đơn giá mua', 'Unit purchase price', 'đ/kg', '7200'),
  ('material_purchases', 'total_amount', 'DECIMAL(15,2)', 'Tổng giá trị (generated = qty × 1000 × price)', 'Total value (auto)', 'VND', NULL),
  ('sales_transactions', 'sale_date', 'DATE', 'Ngày bán hàng', 'Sale date', NULL, '2025-12-20'),
  ('sales_transactions', 'segment_id', 'TINYINT', 'Mảng kinh doanh', 'Business segment', NULL, '1, 2, 3'),
  ('sales_transactions', 'product_id', 'SMALLINT', 'Sản phẩm bán', 'Product sold', NULL, NULL),
  ('sales_transactions', 'customer_id', 'SMALLINT', 'Khách hàng mua', 'Customer', NULL, NULL),
  ('sales_transactions', 'channel_id', 'SMALLINT', 'Kênh phân phối', 'Distribution channel', NULL, NULL),
  ('sales_transactions', 'factory_id', 'SMALLINT', 'Nhà máy SX (nếu có)', 'Source factory', NULL, NULL),
  ('sales_transactions', 'region_id', 'SMALLINT', 'Vùng miền bán hàng', 'Sales region', NULL, NULL),
  ('sales_transactions', 'quantity', 'DECIMAL(12,3)', 'Số lượng bán', 'Quantity sold', 'theo unit SP', '25.000'),
  ('sales_transactions', 'unit_price', 'DECIMAL(12,2)', 'Đơn giá bán thực tế', 'Actual selling price', 'VND', '10500'),
  ('sales_transactions', 'total_revenue', 'DECIMAL(15,2)', 'Doanh thu dòng', 'Line revenue', 'VND', '262500'),
  ('sales_transactions', 'unit_cost', 'DECIMAL(12,2)', 'Giá vốn đơn vị', 'Unit cost', 'VND', '8925'),
  ('sales_transactions', 'total_cogs', 'DECIMAL(15,2)', 'Giá vốn dòng', 'Line COGS', 'VND', '223125'),
  ('sales_transactions', 'discount_pct', 'DECIMAL(5,2)', 'Tỷ lệ chiết khấu', 'Discount rate', '%', '5.00'),
  ('factories', 'factory_code', 'VARCHAR(20)', 'Mã nhà máy', 'Factory code', NULL, 'NM_TACN_DN'),
  ('factories', 'factory_name', 'VARCHAR(200)', 'Tên nhà máy', 'Factory name', NULL, 'Nhà máy TACN Anova Feed Đồng Nai'),
  ('factories', 'factory_type', 'VARCHAR(30)', 'Loại nhà máy', 'Factory type', NULL, 'Thức ăn chăn nuôi'),
  ('factories', 'max_capacity_tons_month', 'DECIMAL(10,2)', 'Công suất thiết kế tháng', 'Monthly design capacity', 'tấn/tháng', '25000'),
  ('factories', 'fixed_cost_monthly', 'DECIMAL(15,2)', 'Chi phí cố định hàng tháng', 'Monthly fixed cost', 'triệu VND', '7500'),
  ('products', 'product_code', 'VARCHAR(30)', 'Mã sản phẩm', 'Product code', NULL, 'AF001'),
  ('products', 'product_name', 'VARCHAR(300)', 'Tên sản phẩm', 'Product name', NULL, 'Anova Feed Heo vỗ béo GĐ1'),
  ('products', 'unit_price', 'DECIMAL(12,2)', 'Giá bán trung bình', 'Average selling price', 'VND/đơn vị', '10800'),
  ('products', 'unit_cost', 'DECIMAL(12,2)', 'Giá vốn trung bình', 'Average unit cost', 'VND/đơn vị', '9180'),
  ('products', 'margin_pct', 'DECIMAL(5,2)', 'Biên LN gộp mục tiêu', 'Target gross margin', '%', '15.0'),
  ('products', 'popularity_weight', 'DECIMAL(5,4)', 'Pareto weight — top 20% SKU chiếm 80% DT', 'Pareto weight for revenue distribution', NULL, '5.0'),
  ('raw_materials', 'material_name', 'VARCHAR(200)', 'Tên NVL tiếng Việt', 'Material name in Vietnamese', NULL, 'Ngô hạt'),
  ('raw_materials', 'cogs_share_pct', 'DECIMAL(5,2)', 'Tỷ trọng trong tổng giá vốn TACN', 'Share of total feed COGS', '%', '35.00'),
  ('raw_materials', 'origin', 'VARCHAR(20)', 'Xuất xứ: Nhập khẩu / Nội địa / Cả hai', 'Origin type', NULL, 'Nhập khẩu'),
  ('bill_of_materials', 'product_id', 'SMALLINT', 'FK sản phẩm TACN', 'FK to TACN product', NULL, NULL),
  ('bill_of_materials', 'material_id', 'SMALLINT', 'FK nguyên vật liệu', 'FK to raw material', NULL, NULL),
  ('bill_of_materials', 'quantity_per_ton', 'DECIMAL(10,4)', 'Lượng NVL cần trên mỗi tấn thành phẩm', 'Material qty per ton of finished product', 'kg NVL / tấn SP', '400.0'),
  ('logistics_costs', 'from_factory_id', 'SMALLINT', 'Nhà máy xuất phát', 'Origin factory', NULL, NULL),
  ('logistics_costs', 'to_region_id', 'SMALLINT', 'Vùng đích', 'Destination region', NULL, NULL),
  ('logistics_costs', 'cost_per_ton', 'DECIMAL(10,2)', 'Chi phí vận chuyển trên mỗi tấn', 'Transport cost per ton', 'VND/tấn', '200000'),
  ('farm_operations', 'animal_type', 'VARCHAR(20)', 'Loại vật nuôi', 'Animal type', NULL, 'Heo thịt, Gà, Bò sữa'),
  ('farm_operations', 'opening_stock', 'INT', 'Tồn đầu kỳ', 'Opening stock', 'con', '45000'),
  ('farm_operations', 'closing_stock', 'INT', 'Tồn cuối kỳ', 'Closing stock', 'con', '44500'),
  ('farm_operations', 'feed_consumed_tons', 'DECIMAL(10,2)', 'TACN tiêu thụ', 'Feed consumed', 'tấn', '3600'),
  ('farm_operations', 'total_cost', 'DECIMAL(15,2)', 'Tổng chi phí vận hành', 'Total operating cost', 'triệu VND', '15000'),
  ('farm_operations', 'revenue', 'DECIMAL(15,2)', 'Doanh thu bán vật nuôi/sữa', 'Revenue from livestock/milk sales', 'triệu VND', '18000');

INSERT INTO `_meta_kpi` (`kpi_name`, `kpi_name_en`, `formula_sql`, `description_vi`, `related_questions`, `source_tables`) VALUES
  ('Biên lợi nhuận gộp theo mảng', 'Gross Margin by Segment', 'SELECT bs.segment_name, sf.`year_month`, sf.total_revenue, sf.total_cogs, sf.gross_profit, sf.gross_margin_pct FROM segment_financials sf JOIN business_segments bs ON sf.segment_id = bs.segment_id WHERE sf.`year_month` = ? ORDER BY sf.gross_margin_pct DESC', 'Tính biên lợi nhuận gộp (%) = (Doanh thu - Giá vốn) / Doanh thu × 100. So sánh giữa 3 mảng KD để xác định mảng nào hiệu quả nhất.', 'Câu 1: Biên LN gộp từng mảng quý gần nhất so cùng kỳ?', 'segment_financials, business_segments'),
  ('Chi phí sản xuất trên mỗi tấn', 'Production Cost per Ton', 'SELECT f.factory_name, pm.`year_month`, pm.actual_output_tons, pm.raw_material_cost, pm.labor_cost, pm.depreciation, pm.overhead, pm.total_production_cost, pm.cost_per_ton FROM production_monthly pm JOIN factories f ON pm.factory_id = f.factory_id WHERE pm.`year_month` = ? AND f.factory_type = \'Thức ăn chăn nuôi\' ORDER BY pm.cost_per_ton DESC', 'Chi phí SX/tấn = Tổng chi phí SX / Sản lượng. Breakdown: NVL + Nhân công + Khấu hao + Overhead. So sánh 3 nhà máy TACN.', 'Câu 2: Chi phí SX/tấn tại 3 NM — NM nào chi phí cao bất thường?', 'production_monthly, factories'),
  ('Hiệu suất sử dụng công suất', 'Capacity Utilization Rate', 'SELECT f.factory_name, pm.`year_month`, pm.actual_output_tons, pm.max_capacity_tons, pm.utilization_pct, (pm.max_capacity_tons - pm.actual_output_tons) as spare_capacity FROM production_monthly pm JOIN factories f ON pm.factory_id = f.factory_id WHERE pm.`year_month` = ? ORDER BY pm.utilization_pct', 'Utilization = Sản lượng thực tế / Công suất thiết kế × 100%. Dùng để đánh giá dư địa tăng sản lượng.', 'Câu 4: So sánh hiệu suất 3 NM TACN — dư địa tăng sản lượng?', 'production_monthly, factories'),
  ('Giá NVL trung bình theo tháng', 'Average Material Price by Month', 'SELECT rm.material_name, DATE_FORMAT(mp.purchase_date, \'%Y-%m\') as month, AVG(mp.unit_price) as avg_price, SUM(mp.quantity_tons) as total_qty FROM material_purchases mp JOIN raw_materials rm ON mp.material_id = rm.material_id WHERE mp.purchase_date BETWEEN ? AND ? GROUP BY rm.material_name, month ORDER BY rm.material_name, month', 'Giá mua trung bình NVL theo tháng, tracking biến động giá. Kết hợp với cogs_share_pct để đánh giá impact lên giá vốn.', 'Câu 3: NVL nào gây áp lực lên giá vốn? Biến động 6 tháng qua?', 'material_purchases, raw_materials'),
  ('Doanh thu theo kênh phân phối', 'Revenue by Distribution Channel', 'SELECT dc.channel_name, bs.segment_name, SUM(st.total_revenue) as total_rev, COUNT(*) as txn_count FROM sales_transactions st JOIN distribution_channels dc ON st.channel_id = dc.channel_id JOIN business_segments bs ON st.segment_id = bs.segment_id WHERE st.sale_date BETWEEN ? AND ? GROUP BY dc.channel_name, bs.segment_name ORDER BY total_rev DESC', 'Phân tích doanh thu theo kênh phân phối và mảng KD. Xác định kênh chính, kênh tăng trưởng.', 'Câu 5: 3 đòn bẩy cải thiện margin (phân tích kênh thuốc thú y)', 'sales_transactions, distribution_channels, business_segments'),
  ('Doanh thu theo vùng miền', 'Revenue by Region', 'SELECT r.region_name, SUM(st.total_revenue) as total_rev, COUNT(*) as txn_count FROM sales_transactions st JOIN regions r ON st.region_id = r.region_id WHERE st.sale_date BETWEEN ? AND ? GROUP BY r.region_name ORDER BY total_rev DESC', 'Phân bổ doanh thu theo địa lý — xác định vùng trọng điểm, vùng yếu.', NULL, 'sales_transactions, regions'),
  ('Top sản phẩm theo doanh thu', 'Top Products by Revenue', 'SELECT p.product_name, p.brand, SUM(st.total_revenue) as total_rev, SUM(st.quantity) as total_qty, AVG(st.unit_price) as avg_price FROM sales_transactions st JOIN products p ON st.product_id = p.product_id WHERE st.sale_date BETWEEN ? AND ? GROUP BY p.product_name, p.brand ORDER BY total_rev DESC LIMIT 20', 'Pareto analysis: top 20% SKU chiếm 80% doanh thu. Dùng popularity_weight để verify.', NULL, 'sales_transactions, products'),
  ('Impact giá NVL lên margin', 'Material Price Impact on Margin', 'SELECT rm.material_name, rm.cogs_share_pct, AVG(CASE WHEN mp.purchase_date >= DATE_SUB(?, INTERVAL 3 MONTH) THEN mp.unit_price END) as recent_price, AVG(CASE WHEN mp.purchase_date < DATE_SUB(?, INTERVAL 3 MONTH) AND mp.purchase_date >= DATE_SUB(?, INTERVAL 6 MONTH) THEN mp.unit_price END) as prev_price FROM material_purchases mp JOIN raw_materials rm ON mp.material_id = rm.material_id GROUP BY rm.material_name, rm.cogs_share_pct ORDER BY rm.cogs_share_pct DESC', 'Tính mỗi 1% tăng giá NVL → giảm bao nhiêu pp margin. Impact = cogs_share × price_change / revenue.', 'Câu 3 follow-up: mỗi 1% tăng giá ngô → giảm ~0.35pp margin TACN', 'material_purchases, raw_materials'),
  ('Chi phí chăn nuôi bình quân đầu con', 'Farm Cost per Head', 'SELECT fm.farm_name, fo.animal_type, fo.`year_month`, fo.total_cost, (fo.opening_stock + fo.closing_stock)/2 as avg_stock, fo.total_cost / ((fo.opening_stock + fo.closing_stock)/2) as cost_per_head FROM farm_operations fo JOIN farms fm ON fo.farm_id = fm.farm_id WHERE fo.`year_month` = ? ORDER BY cost_per_head DESC', 'Tổng chi phí / Số đầu con bình quân. Breakdown: TACN, thú y, nhân công, khác.', NULL, 'farm_operations, farms'),
  ('Tăng trưởng doanh thu YoY', 'YoY Revenue Growth', 'SELECT sf_cur.segment_id, bs.segment_name, sf_cur.`year_month` as current_month, sf_cur.total_revenue as current_rev, sf_prev.total_revenue as prev_year_rev, ROUND((sf_cur.total_revenue - sf_prev.total_revenue) / sf_prev.total_revenue * 100, 2) as yoy_growth_pct FROM segment_financials sf_cur JOIN segment_financials sf_prev ON sf_cur.segment_id = sf_prev.segment_id AND sf_prev.`year_month` = DATE_SUB(sf_cur.`year_month`, INTERVAL 12 MONTH) JOIN business_segments bs ON sf_cur.segment_id = bs.segment_id WHERE sf_cur.`year_month` = ? ORDER BY yoy_growth_pct DESC', 'So sánh doanh thu tháng hiện tại với cùng kỳ năm trước. Tính % tăng trưởng.', 'Câu 1: So cùng kỳ năm ngoái', 'segment_financials, business_segments'),
  ('Giá NVL theo nhà máy', 'Material Price Comparison by Factory', 'SELECT f.factory_name, rm.material_name, AVG(mp.unit_price) as avg_price FROM material_purchases mp JOIN factories f ON mp.factory_id = f.factory_id JOIN raw_materials rm ON mp.material_id = rm.material_id WHERE mp.purchase_date BETWEEN ? AND ? AND rm.material_code = \'NVL_NGO\' GROUP BY f.factory_name, rm.material_name ORDER BY avg_price', 'So sánh giá nhập NVL giữa các nhà máy — phát hiện chênh lệch sourcing. VD: Hưng Yên rẻ hơn 5% nhờ supplier nội địa.', 'Câu 3 follow-up: So sánh giá nhập ngô giữa 3 NM', 'material_purchases, factories, raw_materials');

INSERT INTO `_meta_glossary` (`term_vi`, `term_en`, `abbreviation`, `definition`, `related_table`, `related_column`) VALUES
  ('Thức ăn chăn nuôi', 'Animal Feed', 'TACN', 'Sản phẩm công nghiệp dùng để nuôi gia súc, gia cầm, thủy sản. Gồm thức ăn hỗn hợp hoàn chỉnh, thức ăn đậm đặc, premix.', 'products', 'segment_id'),
  ('Giá vốn hàng bán', 'Cost of Goods Sold', 'COGS', 'Tổng chi phí trực tiếp sản xuất hàng hóa đã bán: NVL, nhân công trực tiếp, khấu hao, overhead SX.', 'segment_financials', 'total_cogs'),
  ('Biên lợi nhuận gộp', 'Gross Margin', 'GPM', 'Tỷ lệ phần trăm lợi nhuận gộp trên doanh thu. Công thức: (DT - COGS) / DT × 100%.', 'segment_financials', 'gross_margin_pct'),
  ('Doanh thu thuần', 'Net Revenue', NULL, 'Doanh thu sau khi trừ chiết khấu, giảm giá, hàng trả lại.', 'segment_financials', 'total_revenue'),
  ('Dịch tả lợn châu Phi', 'African Swine Fever', 'ASF', 'Bệnh virus gây chết 100% heo nhiễm. Không có vaccine. Ảnh hưởng lớn đến quy mô đàn heo VN.', NULL, NULL),
  ('Lở mồm long móng', 'Foot-and-Mouth Disease', 'FMD', 'Bệnh virus cực kỳ lây lan ở động vật guốc chẵn. Vaccine FMD bắt buộc tiêm phòng tại VN.', 'products', NULL),
  ('WHO-GMP', 'WHO Good Manufacturing Practice', 'WHO-GMP', 'Tiêu chuẩn sản xuất thuốc của WHO. Nova Consumer có 2 nhà máy đạt chuẩn này.', 'factories', 'certification'),
  ('GLOBALG.A.P', 'Global Good Agricultural Practices', 'GAP', 'Tiêu chuẩn thực hành nông nghiệp tốt toàn cầu. Áp dụng cho trang trại chăn nuôi.', 'farms', 'certification'),
  ('Hiệu suất sử dụng công suất', 'Capacity Utilization Rate', NULL, 'Tỷ lệ sản lượng thực tế / công suất thiết kế. Lý tưởng: 75-85%. Dưới 60%: đốt tiền.', 'production_monthly', 'utilization_pct'),
  ('Công thức sản phẩm', 'Bill of Materials', 'BOM', 'Danh sách NVL và tỷ lệ phối trộn để sản xuất 1 tấn thức ăn chăn nuôi.', 'bill_of_materials', NULL),
  ('Premix', 'Premix', NULL, 'Hỗn hợp vitamin, khoáng chất, axit amin được phối trộn sẵn, bổ sung vào TACN. Chiếm ~5% COGS.', 'raw_materials', NULL),
  ('Khô đậu tương', 'Soybean Meal', 'SBM', 'Nguồn đạm thực vật chính trong TACN. Nhập khẩu từ Argentina, Brazil. Chiếm ~25% COGS.', 'raw_materials', NULL),
  ('Ngô hạt', 'Corn / Maize', NULL, 'Nguồn năng lượng chính trong TACN. Nhập khẩu ~60-70%. Chiếm ~35% COGS — biến động giá ảnh hưởng lớn nhất.', 'raw_materials', NULL),
  ('DDGS', 'Distillers Dried Grains with Solubles', 'DDGS', 'Phụ phẩm từ sản xuất ethanol từ ngô. Nguồn đạm và năng lượng bổ sung. Nhập từ Mỹ.', 'raw_materials', NULL),
  ('Cám gạo', 'Rice Bran', NULL, 'Phụ phẩm xay xát gạo, nguồn năng lượng nội địa. Giá ổn định, ít biến động.', 'raw_materials', NULL),
  ('Heo nái', 'Sow / Breeding Pig', NULL, 'Heo cái giống dùng để sinh sản. Quy mô đàn nái quyết định sản lượng heo thịt.', 'farm_operations', 'animal_type'),
  ('Heo thịt', 'Fattening Pig / Market Hog', NULL, 'Heo nuôi lấy thịt, xuất chuồng ~100-120kg sau 5-6 tháng nuôi.', 'farm_operations', 'animal_type'),
  ('Gà lông trắng', 'White Broiler', NULL, 'Giống gà công nghiệp (Cobb, Ross) nuôi 35-42 ngày, trọng lượng 2-3kg. Sản lượng lớn.', 'products', NULL),
  ('Gà lông màu', 'Color Broiler / Free-range Chicken', NULL, 'Giống gà bản địa/lai, nuôi 60-90 ngày. Giá cao hơn gà lông trắng ~20-30%.', 'products', NULL),
  ('Bò sữa', 'Dairy Cattle', NULL, 'Bò giống Holstein Friesian, sản lượng 15-25 lít sữa/ngày. TACN bò sữa yêu cầu dinh dưỡng cao.', 'farm_operations', 'animal_type'),
  ('Bò thịt', 'Beef Cattle', NULL, 'Bò nuôi lấy thịt, trọng lượng xuất chuồng 350-450kg. Giá bò hơi ~85-95K đ/kg.', 'farm_operations', 'animal_type'),
  ('Vaccine thú y', 'Veterinary Vaccine', NULL, 'Chế phẩm sinh học dùng phòng bệnh cho vật nuôi. Margin cao (~55-60% với vaccine nhập khẩu).', 'products', NULL),
  ('Kháng sinh thú y', 'Veterinary Antibiotic', NULL, 'Thuốc kháng khuẩn dùng điều trị bệnh nhiễm khuẩn ở vật nuôi. Xu hướng giảm sử dụng để đảm bảo ATTP.', 'products', NULL),
  ('Chi phí cố định', 'Fixed Cost', NULL, 'Chi phí không thay đổi theo sản lượng: khấu hao, lương cố định, bảo hiểm. Khi utilization giảm → chi phí cố định/tấn tăng.', 'production_monthly', NULL),
  ('Chi phí biến đổi', 'Variable Cost', NULL, 'Chi phí thay đổi tỷ lệ thuận với sản lượng: NVL, nhân công thời vụ, điện SX.', 'production_monthly', NULL),
  ('Khấu hao', 'Depreciation', NULL, 'Phân bổ giá trị tài sản cố định (nhà máy, máy móc) theo thời gian sử dụng. Chi phí cố định.', 'production_monthly', 'depreciation'),
  ('Công suất thiết kế', 'Design Capacity', NULL, 'Sản lượng tối đa nhà máy có thể sản xuất trong điều kiện vận hành tiêu chuẩn.', 'factories', 'max_capacity_tons_month'),
  ('Đại lý cấp 1', 'Tier 1 Dealer', NULL, 'Khách hàng lớn mua trực tiếp từ công ty, phân phối lại cho đại lý cấp 2 và nông hộ.', 'customers', 'customer_type'),
  ('Trang trại lớn', 'Large Farm / Integrator', NULL, 'Trang trại quy mô công nghiệp (>1000 con heo, >10000 con gà). Mua TACN số lượng lớn.', 'customers', 'customer_type'),
  ('Xuất khẩu', 'Export', NULL, 'Thị trường ngoài VN: Campuchia, Lào, Myanmar, Philippines. TACN xuất khẩu tăng mạnh ~35% YoY.', 'customers', 'customer_type'),
  ('Mô hình 3F', 'Feed-Farm-Food Model', '3F', 'Chuỗi giá trị khép kín: sản xuất TACN → chăn nuôi → chế biến thực phẩm. Giúp kiểm soát chất lượng và margin.', NULL, NULL),
  ('FCR', 'Feed Conversion Ratio', 'FCR', 'Tỷ lệ chuyển đổi thức ăn: số kg TACN cần để tăng 1kg thể trọng. Heo: ~2.5-3.0, Gà lông trắng: ~1.5-1.8.', NULL, NULL),
  ('Giá heo hơi', 'Live Pig Price', NULL, 'Giá bán heo sống tại chuồng, chưa giết mổ. Năm 2024: 60-67K đ/kg. Quyết định lợi nhuận trang trại.', 'farm_operations', NULL);

