SET NAMES utf8mb4;
-- ============================================================
-- Nova Consumer Demo — Master Data (Dimension Tables)
-- Dữ liệu tham chiếu: mảng KD, nhà máy, sản phẩm, NVL, khách hàng
-- ============================================================

USE nova_consumer_demo;

INSERT INTO `business_segments` (`segment_id`, `segment_code`, `segment_name`, `segment_name_en`, `revenue_share_pct`, `description`) VALUES
  (1, 'ANIMAL_HEALTH', 'Thuốc thú y & Vaccine', 'Animal Health & Vaccines', '30.00', 'Dẫn đầu >30% thị phần thuốc thú y VN. Sản phẩm: kháng sinh, vaccine, vitamin, kháng viêm. 2 nhà máy WHO-GMP.'),
  (2, 'ANIMAL_FEED', 'Thức ăn chăn nuôi', 'Animal Feed', '55.00', 'Top tư nhân nội địa TACN. 3 nhà máy, tổng công suất ~730K tấn/năm. Thương hiệu: Anova Feed, BG Feed, Nova Feed.'),
  (3, 'FARM', 'Trang trại chăn nuôi', 'Farm Operations', '15.00', 'Chăn nuôi khép kín heo, gà, bò theo mô hình 3F. GLOBALG.A.P. Phía Nam + Tây Nguyên.');

INSERT INTO `subsidiaries` (`subsidiary_code`, `subsidiary_name`, `segment_id`, `ownership_type`, `ownership_pct`, `established_year`) VALUES
  ('SGV', 'Công ty CP Thú y Sài Gòn (Sài Gòn Vet)', 1, 'Công ty con', '100.00', 2005),
  ('ANP', 'Công ty CP Anova Pharma', 1, 'Công ty con', '100.00', 2010),
  ('TNV', 'Công ty TNHH Thành Nhơn Vet', 1, 'Công ty con', '100.00', 1995),
  ('AVT', 'Công ty CP Anovastech', 1, 'Công ty con', '95.00', 2015),
  ('BPC', 'Công ty CP Bio-Pharmachemie', 1, 'Công ty liên kết', '35.00', 2000),
  ('ANF', 'Công ty CP Anova Feed', 2, 'Công ty con', '100.00', 2003),
  ('AFM', 'Công ty CP Anova Farm', 3, 'Công ty con', '100.00', 2008),
  ('AAG', 'Công ty CP Anova Agri Bình Dương', 3, 'Công ty con', '100.00', 2012);

INSERT INTO `regions` (`region_code`, `region_name`, `region_level`, `parent_region_id`, `population_million`, `livestock_density`) VALUES
  ('DBSH', 'Đồng bằng sông Hồng', 'Vùng', NULL, '23.00', 'Cao'),
  ('TDMNPB', 'Trung du & miền núi phía Bắc', 'Vùng', NULL, '12.50', 'Trung bình'),
  ('BTBDHMT', 'Bắc Trung Bộ & Duyên hải miền Trung', 'Vùng', NULL, '20.00', 'Trung bình'),
  ('TN', 'Tây Nguyên', 'Vùng', NULL, '6.00', 'Trung bình'),
  ('DNB', 'Đông Nam Bộ', 'Vùng', NULL, '18.00', 'Cao'),
  ('DBSCL', 'Đồng bằng sông Cửu Long', 'Vùng', NULL, '17.50', 'Cao'),
  ('XK', 'Xuất khẩu', 'Vùng', NULL, NULL, NULL),
  ('HN', 'Hà Nội', 'Tỉnh/Thành', 1, '8.50', 'Cao'),
  ('HY', 'Hưng Yên', 'Tỉnh/Thành', 1, '1.20', 'Cao'),
  ('HD', 'Hải Dương', 'Tỉnh/Thành', 1, '1.90', 'Cao'),
  ('TB', 'Thái Bình', 'Tỉnh/Thành', 1, '1.80', 'Cao'),
  ('SL', 'Sơn La', 'Tỉnh/Thành', 2, '1.25', 'Trung bình'),
  ('TH', 'Thanh Hóa', 'Tỉnh/Thành', 3, '3.70', 'Cao'),
  ('NA', 'Nghệ An', 'Tỉnh/Thành', 3, '3.40', 'Trung bình'),
  ('DL', 'Đắk Lắk', 'Tỉnh/Thành', 4, '2.00', 'Trung bình'),
  ('DN_TN', 'Đắk Nông', 'Tỉnh/Thành', 4, '0.65', 'Trung bình'),
  ('GL', 'Gia Lai', 'Tỉnh/Thành', 4, '1.55', 'Trung bình'),
  ('HCM', 'TP. Hồ Chí Minh', 'Tỉnh/Thành', 5, '9.50', 'Thấp'),
  ('DNA', 'Đồng Nai', 'Tỉnh/Thành', 5, '3.20', 'Cao'),
  ('BD', 'Bình Dương', 'Tỉnh/Thành', 5, '2.60', 'Trung bình'),
  ('LA', 'Long An', 'Tỉnh/Thành', 5, '1.70', 'Trung bình'),
  ('BTH', 'Bình Thuận', 'Tỉnh/Thành', 5, '1.25', 'Trung bình'),
  ('TG', 'Tiền Giang', 'Tỉnh/Thành', 6, '1.80', 'Cao'),
  ('DT', 'Đồng Tháp', 'Tỉnh/Thành', 6, '1.70', 'Trung bình'),
  ('CT', 'Cần Thơ', 'Tỉnh/Thành', 6, '1.25', 'Trung bình');

INSERT INTO `factories` (`factory_code`, `factory_name`, `segment_id`, `subsidiary_id`, `region_id`, `address`, `factory_type`, `max_capacity_tons_month`, `max_capacity_tons_year`, `fixed_cost_monthly`, `certification`, `commissioned_year`) VALUES
  ('NM_TACN_LA', 'Nhà máy TACN Anova Feed Long An', 2, 6, 21, 'KCN Long Hậu, Long An', 'Thức ăn chăn nuôi', '10833.00', '130000.00', '3500.00', 'ISO 9001, ISO 22000', 2008),
  ('NM_TACN_DN', 'Nhà máy TACN Anova Feed Đồng Nai', 2, 6, 19, 'KCN Nhơn Trạch, Đồng Nai', 'Thức ăn chăn nuôi', '25000.00', '300000.00', '7500.00', 'ISO 9001, ISO 22000', 2005),
  ('NM_TACN_HY', 'Nhà máy TACN Anova Feed Hưng Yên', 2, 6, 9, 'KCN Phố Nối A, Hưng Yên', 'Thức ăn chăn nuôi', '25000.00', '300000.00', '7200.00', 'ISO 9001, ISO 22000', 2012),
  ('NM_THUOC_BD', 'Nhà máy Thuốc thú y Bình Dương', 1, 2, 20, 'KCN Mỹ Phước, Bình Dương', 'Thuốc thú y', NULL, NULL, '2800.00', 'WHO-GMP', 2010),
  ('NM_VACCINE_DN', 'Nhà máy Vaccine Đồng Nai', 1, 4, 19, 'Trảng Bom, Đồng Nai', 'Vaccine', NULL, NULL, '2200.00', 'WHO-GMP', 2015);

INSERT INTO `farms` (`farm_code`, `farm_name`, `subsidiary_id`, `region_id`, `address`, `farm_type`, `area_hectares`, `max_capacity_heads`, `certification`) VALUES
  ('FARM_HT', 'Trang trại Anova Farm Hàm Tân', 7, 22, 'Hàm Tân, Bình Thuận', 'Hỗn hợp', '120.00', 55000, 'GLOBALG.A.P'),
  ('FARM_DKN', 'Trang trại Anova Farm Đắk Nông', 7, 16, 'Đắk R\'Lấp, Đắk Nông', 'Hỗn hợp', '200.00', 203000, 'GLOBALG.A.P'),
  ('FARM_BD', 'Trang trại Anova Agri Bình Dương', 8, 20, 'Bến Cát, Bình Dương', 'Bò', '80.00', 1500, 'VietGAP');

INSERT INTO `product_categories` (`category_code`, `category_name`, `category_name_en`, `segment_id`, `parent_category_id`, `category_level`) VALUES
  ('AH_GROUP', 'Thuốc thú y & Vaccine', 'Animal Health & Vaccines', 1, NULL, 1),
  ('AF_GROUP', 'Thức ăn chăn nuôi', 'Animal Feed', 2, NULL, 1),
  ('FM_GROUP', 'Sản phẩm trang trại', 'Farm Products', 3, NULL, 1),
  ('AH_ANTIBIOTIC', 'Kháng sinh', 'Antibiotics', 1, 1, 2),
  ('AH_VACCINE', 'Vaccine', 'Vaccines', 1, 1, 2),
  ('AH_VITAMIN', 'Vitamin & Khoáng chất', 'Vitamins & Minerals', 1, 1, 2),
  ('AH_ANTIINFLAM', 'Kháng viêm giảm đau', 'Anti-inflammatory', 1, 1, 2),
  ('AH_PARASITE', 'Ký sinh trùng', 'Anti-parasitic', 1, 1, 2),
  ('AH_DIGESTIVE', 'Hỗ trợ tiêu hóa', 'Digestive Support', 1, 1, 2),
  ('AF_PIG', 'TACN Heo', 'Pig Feed', 2, 2, 2),
  ('AF_POULTRY', 'TACN Gia cầm', 'Poultry Feed', 2, 2, 2),
  ('AF_CATTLE', 'TACN Bò', 'Cattle Feed', 2, 2, 2),
  ('AF_AQUA', 'TACN Thủy sản', 'Aquaculture Feed', 2, 2, 2),
  ('FM_PIG', 'Heo xuất chuồng', 'Pig Output', 3, 3, 2),
  ('FM_POULTRY', 'Gia cầm xuất chuồng', 'Poultry Output', 3, 3, 2),
  ('FM_CATTLE', 'Bò xuất chuồng/sữa', 'Cattle Output', 3, 3, 2),
  ('AF_PIG_MEAT', 'TACN Heo thịt', 'Pig Fattening Feed', 2, 10, 3),
  ('AF_PIG_SOW', 'TACN Heo nái', 'Sow Feed', 2, 10, 3),
  ('AF_CHICK_WHITE', 'TACN Gà lông trắng', 'White Broiler Feed', 2, 11, 3),
  ('AF_CHICK_COLOR', 'TACN Gà lông màu', 'Color Broiler Feed', 2, 11, 3),
  ('AF_LAYER', 'TACN Gà đẻ', 'Layer Feed', 2, 11, 3),
  ('AF_DUCK', 'TACN Vịt', 'Duck Feed', 2, 11, 3),
  ('AF_DAIRY', 'TACN Bò sữa', 'Dairy Cattle Feed', 2, 12, 3),
  ('AF_BEEF', 'TACN Bò thịt', 'Beef Cattle Feed', 2, 12, 3),
  ('AH_VAC_IMPORT', 'Vaccine nhập khẩu cao cấp', 'Premium Imported Vaccines', 1, 5, 3),
  ('AH_VAC_LOCAL', 'Vaccine nội địa', 'Domestic Vaccines', 1, 5, 3);

INSERT INTO `products` (`product_code`, `product_name`, `category_id`, `segment_id`, `brand`, `unit`, `unit_price`, `unit_cost`, `margin_pct`, `target_animal`, `popularity_weight`, `is_active`) VALUES
  ('AH001', 'Amoxicillin 50% WSP', 4, 1, 'Anova Pharma', 'gói', '85000.00', '42500.00', '50.00', 'Đa loại', '3.5000', 1),
  ('AH002', 'Enrofloxacin 10% Injectable', 4, 1, 'Sài Gòn Vet', 'chai', '120000.00', '54000.00', '55.00', 'Đa loại', '2.8000', 1),
  ('AH003', 'Florfenicol 30% Injectable', 4, 1, 'Anova Pharma', 'chai', '150000.00', '67500.00', '55.00', 'Heo', '2.5000', 1),
  ('AH004', 'Doxycycline 50% WSP', 4, 1, 'Sài Gòn Vet', 'gói', '75000.00', '37500.00', '50.00', 'Đa loại', '2.2000', 1),
  ('AH005', 'Tylosin Tartrate 100% Premix', 4, 1, 'Anova Pharma', 'kg', '180000.00', '81000.00', '55.00', 'Heo', '1.8000', 1),
  ('AH006', 'Gentamicin 10% Injectable', 4, 1, 'Sài Gòn Vet', 'chai', '95000.00', '47500.00', '50.00', 'Đa loại', '1.5000', 1),
  ('AH007', 'Oxytetracycline LA Injectable', 4, 1, 'Thành Nhơn Vet', 'chai', '110000.00', '49500.00', '55.00', 'Bò', '1.3000', 1),
  ('AH008', 'Colistin Sulfate 10% WSP', 4, 1, 'Anova Pharma', 'gói', '65000.00', '32500.00', '50.00', 'Gia cầm', '1.2000', 1),
  ('AH009', 'Tiamulin 45% Premix', 4, 1, 'Sài Gòn Vet', 'kg', '200000.00', '90000.00', '55.00', 'Heo', '1.0000', 1),
  ('AH010', 'Lincomycin-Spectinomycin WSP', 4, 1, 'Anova Pharma', 'gói', '90000.00', '45000.00', '50.00', 'Gia cầm', '0.9000', 1),
  ('AH011', 'Sulfadimethoxine Oral Solution', 4, 1, 'Thành Nhơn Vet', 'chai', '55000.00', '27500.00', '50.00', 'Đa loại', '0.8000', 1),
  ('AH012', 'Ceftiofur 5% Injectable', 4, 1, 'Anova Pharma', 'chai', '250000.00', '100000.00', '60.00', 'Heo', '0.7000', 1),
  ('AH013', 'Tilmicosin 25% Oral', 4, 1, 'Sài Gòn Vet', 'chai', '130000.00', '58500.00', '55.00', 'Heo', '0.6000', 1),
  ('AH014', 'Trimethoprim-Sulfa WSP', 4, 1, 'Thành Nhơn Vet', 'gói', '60000.00', '30000.00', '50.00', 'Gia cầm', '0.5000', 1),
  ('AH015', 'Neomycin Sulfate 50% WSP', 4, 1, 'Sài Gòn Vet', 'gói', '70000.00', '35000.00', '50.00', 'Đa loại', '0.5000', 1),
  ('AH016', 'Vaccine Dịch tả heo cổ điển (CSF)', 26, 1, 'Anovastech', 'liều', '8000.00', '3200.00', '60.00', 'Heo', '3.0000', 1),
  ('AH017', 'Vaccine PRRS (Hội chứng rối loạn sinh sản)', 26, 1, 'Anovastech', 'liều', '12000.00', '4800.00', '60.00', 'Heo', '2.5000', 1),
  ('AH018', 'Vaccine Newcastle (ND) gà', 26, 1, 'Anovastech', 'liều', '3500.00', '1400.00', '60.00', 'Gia cầm', '2.8000', 1),
  ('AH019', 'Vaccine Gumboro (IBD) gà', 26, 1, 'Anovastech', 'liều', '3000.00', '1200.00', '60.00', 'Gia cầm', '2.0000', 1),
  ('AH020', 'Vaccine E.coli heo con', 26, 1, 'Anovastech', 'liều', '9000.00', '3600.00', '60.00', 'Heo', '1.5000', 1),
  ('AH021', 'Vaccine Mycoplasma heo', 26, 1, 'Anovastech', 'liều', '10000.00', '4000.00', '60.00', 'Heo', '1.5000', 1),
  ('AH022', 'Vaccine IB (Viêm phế quản truyền nhiễm) gà', 26, 1, 'Anovastech', 'liều', '2500.00', '1000.00', '60.00', 'Gia cầm', '1.2000', 1),
  ('AH023', 'Vaccine Pasteurella đa giá', 26, 1, 'Anovastech', 'liều', '7000.00', '2800.00', '60.00', 'Đa loại', '1.0000', 1),
  ('AH024', 'Vaccine FMD (Lở mồm long móng) nhập khẩu', 25, 1, 'Bio-Pharmachemie', 'liều', '35000.00', '14000.00', '60.00', 'Đa loại', '4.0000', 1),
  ('AH025', 'Vaccine PCV2 (Circovirus heo) nhập khẩu', 25, 1, 'Bio-Pharmachemie', 'liều', '45000.00', '18000.00', '60.00', 'Heo', '3.0000', 1),
  ('AH026', 'Vaccine PRRS nhập khẩu thế hệ mới', 25, 1, 'Bio-Pharmachemie', 'liều', '55000.00', '22000.00', '60.00', 'Heo', '2.0000', 1),
  ('AH027', 'Vaccine Marek + ND combo nhập khẩu', 25, 1, 'Bio-Pharmachemie', 'liều', '25000.00', '10000.00', '60.00', 'Gia cầm', '1.5000', 1),
  ('AH028', 'Vitamin AD3E Injectable', 6, 1, 'Sài Gòn Vet', 'chai', '45000.00', '22500.00', '50.00', 'Đa loại', '1.8000', 1),
  ('AH029', 'Vitamin C 10% WSP', 6, 1, 'Anova Pharma', 'gói', '35000.00', '17500.00', '50.00', 'Đa loại', '1.5000', 1),
  ('AH030', 'Vitamin B-Complex Injectable', 6, 1, 'Sài Gòn Vet', 'chai', '55000.00', '27500.00', '50.00', 'Đa loại', '1.3000', 1),
  ('AH031', 'Premix Khoáng vi lượng', 6, 1, 'Anova Pharma', 'kg', '80000.00', '40000.00', '50.00', 'Đa loại', '1.0000', 1),
  ('AH032', 'Calcium Borogluconate Injectable', 6, 1, 'Thành Nhơn Vet', 'chai', '40000.00', '20000.00', '50.00', 'Bò', '0.8000', 1),
  ('AH033', 'Iron Dextran Injectable (heo con)', 6, 1, 'Sài Gòn Vet', 'chai', '30000.00', '15000.00', '50.00', 'Heo', '1.2000', 1),
  ('AH034', 'Electrolyte & Vitamin WSP', 6, 1, 'Anova Pharma', 'gói', '28000.00', '14000.00', '50.00', 'Đa loại', '1.0000', 1),
  ('AH035', 'Vitamin K3 WSP', 6, 1, 'Sài Gòn Vet', 'gói', '32000.00', '16000.00', '50.00', 'Gia cầm', '0.7000', 1),
  ('AH036', 'Selenium + Vitamin E Injectable', 6, 1, 'Thành Nhơn Vet', 'chai', '60000.00', '30000.00', '50.00', 'Đa loại', '0.6000', 1),
  ('AH037', 'Biotin Premix', 6, 1, 'Anova Pharma', 'kg', '95000.00', '47500.00', '50.00', 'Heo', '0.5000', 1),
  ('AH038', 'Meloxicam 5mg/ml Injectable', 7, 1, 'Anova Pharma', 'chai', '140000.00', '63000.00', '55.00', 'Đa loại', '1.5000', 1),
  ('AH039', 'Flunixin Meglumine Injectable', 7, 1, 'Sài Gòn Vet', 'chai', '160000.00', '72000.00', '55.00', 'Bò', '1.2000', 1),
  ('AH040', 'Dexamethasone Injectable', 7, 1, 'Thành Nhơn Vet', 'chai', '50000.00', '22500.00', '55.00', 'Đa loại', '1.0000', 1),
  ('AH041', 'Ketoprofen 10% Injectable', 7, 1, 'Anova Pharma', 'chai', '130000.00', '58500.00', '55.00', 'Heo', '0.8000', 1),
  ('AH042', 'Phenylbutazone Oral Paste', 7, 1, 'Sài Gòn Vet', 'tuýp', '75000.00', '33750.00', '55.00', 'Bò', '0.6000', 1),
  ('AH043', 'Prednisolone 5mg Tablet', 7, 1, 'Thành Nhơn Vet', 'hộp', '45000.00', '20250.00', '55.00', 'Đa loại', '0.5000', 1),
  ('AH044', 'Tolfenamic Acid Injectable', 7, 1, 'Anova Pharma', 'chai', '170000.00', '76500.00', '55.00', 'Bò', '0.4000', 1),
  ('AH045', 'Aspirin Soluble Powder', 7, 1, 'Sài Gòn Vet', 'gói', '25000.00', '12500.00', '50.00', 'Gia cầm', '0.4000', 1),
  ('AH046', 'Ivermectin 1% Injectable', 8, 1, 'Sài Gòn Vet', 'chai', '90000.00', '40500.00', '55.00', 'Đa loại', '1.5000', 1),
  ('AH047', 'Levamisole 10% Injectable', 8, 1, 'Thành Nhơn Vet', 'chai', '65000.00', '29250.00', '55.00', 'Đa loại', '1.0000', 1),
  ('AH048', 'Albendazole 10% Oral Suspension', 8, 1, 'Anova Pharma', 'chai', '45000.00', '20250.00', '55.00', 'Bò', '0.8000', 1),
  ('AH049', 'Fenbendazole 10% Oral', 8, 1, 'Sài Gòn Vet', 'chai', '50000.00', '22500.00', '55.00', 'Đa loại', '0.7000', 1),
  ('AH050', 'Praziquantel Tablet', 8, 1, 'Thành Nhơn Vet', 'hộp', '55000.00', '24750.00', '55.00', 'Đa loại', '0.5000', 1),
  ('AH051', 'Triclabendazole 5% Oral', 8, 1, 'Anova Pharma', 'chai', '70000.00', '31500.00', '55.00', 'Bò', '0.4000', 1),
  ('AH052', 'Doramectin 1% Injectable', 8, 1, 'Sài Gòn Vet', 'chai', '120000.00', '54000.00', '55.00', 'Bò', '0.4000', 1),
  ('AH053', 'Piperazine Citrate WSP', 8, 1, 'Thành Nhơn Vet', 'gói', '35000.00', '17500.00', '50.00', 'Gia cầm', '0.3000', 1),
  ('AH054', 'Probiotic Multi-strain Powder', 9, 1, 'Anova Pharma', 'gói', '60000.00', '30000.00', '50.00', 'Đa loại', '1.2000', 1),
  ('AH055', 'Enzyme tiêu hóa Premix', 9, 1, 'Sài Gòn Vet', 'kg', '110000.00', '55000.00', '50.00', 'Đa loại', '1.0000', 1),
  ('AH056', 'Toxin Binder (chất hấp phụ độc tố)', 9, 1, 'Anova Pharma', 'kg', '85000.00', '42500.00', '50.00', 'Đa loại', '0.8000', 1),
  ('AH057', 'Acidifier (axit hữu cơ) Liquid', 9, 1, 'Sài Gòn Vet', 'lít', '75000.00', '37500.00', '50.00', 'Heo', '0.7000', 1),
  ('AH058', 'Kaolin-Pectin Oral Suspension', 9, 1, 'Thành Nhơn Vet', 'chai', '40000.00', '20000.00', '50.00', 'Đa loại', '0.5000', 1),
  ('AH059', 'Liver Tonic (bổ gan)', 9, 1, 'Anova Pharma', 'chai', '55000.00', '27500.00', '50.00', 'Gia cầm', '0.4000', 1),
  ('AH060', 'Yeast Culture Powder', 9, 1, 'Sài Gòn Vet', 'kg', '95000.00', '47500.00', '50.00', 'Đa loại', '0.4000', 1),
  ('AF001', 'Anova Feed Heo con tập ăn', 17, 2, 'Anova Feed', 'kg', '13000.00', '11050.00', '15.00', 'Heo', '5.0000', 1),
  ('AF002', 'Anova Feed Heo con cai sữa', 17, 2, 'Anova Feed', 'kg', '12500.00', '10625.00', '15.00', 'Heo', '4.5000', 1),
  ('AF003', 'Anova Feed Heo choai', 17, 2, 'Anova Feed', 'kg', '11500.00', '9775.00', '15.00', 'Heo', '4.0000', 1),
  ('AF004', 'Anova Feed Heo vỗ béo GĐ1', 17, 2, 'Anova Feed', 'kg', '10800.00', '9180.00', '15.00', 'Heo', '3.5000', 1),
  ('AF005', 'Anova Feed Heo vỗ béo GĐ2', 17, 2, 'Anova Feed', 'kg', '10500.00', '8925.00', '15.00', 'Heo', '3.0000', 1),
  ('AF006', 'Anova Feed Heo vỗ béo xuất chuồng', 17, 2, 'Anova Feed', 'kg', '10200.00', '8670.00', '15.00', 'Heo', '2.5000', 1),
  ('AF007', 'BG Feed Heo con tập ăn', 17, 2, 'BG Feed', 'kg', '12350.00', '10498.00', '15.00', 'Heo', '2.0000', 1),
  ('AF008', 'BG Feed Heo con cai sữa', 17, 2, 'BG Feed', 'kg', '11875.00', '10094.00', '15.00', 'Heo', '1.8000', 1),
  ('AF009', 'BG Feed Heo choai', 17, 2, 'BG Feed', 'kg', '10925.00', '9286.00', '15.00', 'Heo', '1.6000', 1),
  ('AF010', 'BG Feed Heo vỗ béo GĐ1', 17, 2, 'BG Feed', 'kg', '10260.00', '8721.00', '15.00', 'Heo', '1.4000', 1),
  ('AF011', 'BG Feed Heo vỗ béo GĐ2', 17, 2, 'BG Feed', 'kg', '9975.00', '8479.00', '15.00', 'Heo', '1.2000', 1),
  ('AF012', 'BG Feed Heo vỗ béo xuất chuồng', 17, 2, 'BG Feed', 'kg', '9690.00', '8236.00', '15.00', 'Heo', '1.0000', 1),
  ('AF013', 'Nova Feed Heo con tập ăn', 17, 2, 'Nova Feed', 'kg', '11700.00', '9945.00', '15.00', 'Heo', '1.0000', 1),
  ('AF014', 'Nova Feed Heo con cai sữa', 17, 2, 'Nova Feed', 'kg', '11250.00', '9562.00', '15.00', 'Heo', '0.9000', 1),
  ('AF015', 'Nova Feed Heo choai', 17, 2, 'Nova Feed', 'kg', '10350.00', '8798.00', '15.00', 'Heo', '0.8000', 1),
  ('AF016', 'Nova Feed Heo vỗ béo GĐ1', 17, 2, 'Nova Feed', 'kg', '9720.00', '8262.00', '15.00', 'Heo', '0.7000', 1),
  ('AF017', 'Nova Feed Heo vỗ béo GĐ2', 17, 2, 'Nova Feed', 'kg', '9450.00', '8032.00', '15.00', 'Heo', '0.6000', 1),
  ('AF018', 'Nova Feed Heo vỗ béo xuất chuồng', 17, 2, 'Nova Feed', 'kg', '9180.00', '7803.00', '15.00', 'Heo', '0.5000', 1),
  ('AF019', 'Anova Feed Heo nái mang thai', 18, 2, 'Anova Feed', 'kg', '10000.00', '8500.00', '15.00', 'Heo', '1.1394', 1),
  ('AF020', 'Anova Feed Heo nái nuôi con', 18, 2, 'Anova Feed', 'kg', '10500.00', '8925.00', '15.00', 'Heo', '0.5250', 1),
  ('AF021', 'Anova Feed Heo nái hậu bị', 18, 2, 'Anova Feed', 'kg', '10800.00', '9180.00', '15.00', 'Heo', '0.7750', 1),
  ('AF022', 'Anova Feed Heo đực giống', 18, 2, 'Anova Feed', 'kg', '11000.00', '9350.00', '15.00', 'Heo', '0.7232', 1),
  ('AF023', 'BG Feed Heo nái mang thai', 18, 2, 'BG Feed', 'kg', '9500.00', '8075.00', '15.00', 'Heo', '1.2365', 1),
  ('AF024', 'BG Feed Heo nái nuôi con', 18, 2, 'BG Feed', 'kg', '9975.00', '8479.00', '15.00', 'Heo', '1.1767', 1),
  ('AF025', 'BG Feed Heo nái hậu bị', 18, 2, 'BG Feed', 'kg', '10260.00', '8721.00', '15.00', 'Heo', '1.3922', 1),
  ('AF026', 'BG Feed Heo đực giống', 18, 2, 'BG Feed', 'kg', '10450.00', '8882.00', '15.00', 'Heo', '0.5869', 1),
  ('AF027', 'Anova Feed Gà lông trắng Starter', 19, 2, 'Anova Feed', 'kg', '11500.00', '9775.00', '15.00', 'Gia cầm', '3.0000', 1),
  ('AF028', 'Anova Feed Gà lông trắng Grower', 19, 2, 'Anova Feed', 'kg', '10500.00', '8925.00', '15.00', 'Gia cầm', '1.1000', 1),
  ('AF029', 'Anova Feed Gà lông trắng Finisher', 19, 2, 'Anova Feed', 'kg', '9800.00', '8330.00', '15.00', 'Gia cầm', '0.5000', 1),
  ('AF030', 'BG Feed Gà lông trắng Starter', 19, 2, 'BG Feed', 'kg', '10925.00', '9286.00', '15.00', 'Gia cầm', '0.8000', 1),
  ('AF031', 'BG Feed Gà lông trắng Grower', 19, 2, 'BG Feed', 'kg', '9975.00', '8479.00', '15.00', 'Gia cầm', '1.3000', 1),
  ('AF032', 'BG Feed Gà lông trắng Finisher', 19, 2, 'BG Feed', 'kg', '9310.00', '7914.00', '15.00', 'Gia cầm', '0.5000', 1),
  ('AF033', 'Nova Feed Gà lông trắng Starter', 19, 2, 'Nova Feed', 'kg', '10350.00', '8798.00', '15.00', 'Gia cầm', '0.8000', 1),
  ('AF034', 'Nova Feed Gà lông trắng Grower', 19, 2, 'Nova Feed', 'kg', '9450.00', '8032.00', '15.00', 'Gia cầm', '1.5000', 1),
  ('AF035', 'Nova Feed Gà lông trắng Finisher', 19, 2, 'Nova Feed', 'kg', '8820.00', '7497.00', '15.00', 'Gia cầm', '1.3000', 1),
  ('AF036', 'Anova Feed Gà lông trắng Pre-starter', 19, 2, 'Anova Feed', 'kg', '13000.00', '11050.00', '15.00', 'Gia cầm', '1.5000', 1),
  ('AF037', 'Anova Feed Gà lông màu Starter', 20, 2, 'Anova Feed', 'kg', '10500.00', '8925.00', '15.00', 'Gia cầm', '0.7204', 1),
  ('AF038', 'Anova Feed Gà lông màu Grower', 20, 2, 'Anova Feed', 'kg', '9800.00', '8330.00', '15.00', 'Gia cầm', '1.0893', 1),
  ('AF039', 'Anova Feed Gà lông màu Finisher GĐ1', 20, 2, 'Anova Feed', 'kg', '9800.00', '8330.00', '15.00', 'Gia cầm', '1.3094', 1),
  ('AF040', 'Anova Feed Gà lông màu Finisher GĐ2', 20, 2, 'Anova Feed', 'kg', '9800.00', '8330.00', '15.00', 'Gia cầm', '0.5065', 1),
  ('AF041', 'BG Feed Gà lông màu Starter', 20, 2, 'BG Feed', 'kg', '10500.00', '8925.00', '15.00', 'Gia cầm', '1.3058', 1),
  ('AF042', 'BG Feed Gà lông màu Grower', 20, 2, 'BG Feed', 'kg', '9800.00', '8330.00', '15.00', 'Gia cầm', '1.1981', 1),
  ('AF043', 'BG Feed Gà lông màu Finisher GĐ1', 20, 2, 'BG Feed', 'kg', '9800.00', '8330.00', '15.00', 'Gia cầm', '0.8403', 1),
  ('AF044', 'BG Feed Gà lông màu Finisher GĐ2', 20, 2, 'BG Feed', 'kg', '9800.00', '8330.00', '15.00', 'Gia cầm', '0.6555', 1),
  ('AF045', 'Anova Feed Gà đẻ Hậu bị', 21, 2, 'Anova Feed', 'kg', '10200.00', '8670.00', '15.00', 'Gia cầm', '1.4572', 1),
  ('AF046', 'Anova Feed Gà đẻ Đẻ GĐ1', 21, 2, 'Anova Feed', 'kg', '10200.00', '8670.00', '15.00', 'Gia cầm', '0.8366', 1),
  ('AF047', 'Anova Feed Gà đẻ Đẻ GĐ2', 21, 2, 'Anova Feed', 'kg', '10200.00', '8670.00', '15.00', 'Gia cầm', '0.5927', 1),
  ('AF048', 'BG Feed Gà đẻ Hậu bị', 21, 2, 'BG Feed', 'kg', '10200.00', '8670.00', '15.00', 'Gia cầm', '0.5967', 1),
  ('AF049', 'BG Feed Gà đẻ Đẻ GĐ1', 21, 2, 'BG Feed', 'kg', '10200.00', '8670.00', '15.00', 'Gia cầm', '1.3475', 1),
  ('AF050', 'BG Feed Gà đẻ Đẻ GĐ2', 21, 2, 'BG Feed', 'kg', '10200.00', '8670.00', '15.00', 'Gia cầm', '1.1037', 1),
  ('AF051', 'Anova Feed Vịt thịt Starter', 22, 2, 'Anova Feed', 'kg', '9500.00', '8075.00', '15.00', 'Gia cầm', '0.8843', 1),
  ('AF052', 'Anova Feed Vịt thịt Grower', 22, 2, 'Anova Feed', 'kg', '9500.00', '8075.00', '15.00', 'Gia cầm', '0.8378', 1),
  ('AF053', 'Anova Feed Vịt thịt Finisher', 22, 2, 'Anova Feed', 'kg', '9500.00', '8075.00', '15.00', 'Gia cầm', '0.7217', 1),
  ('AF054', 'Anova Feed Vịt đẻ GĐ1', 22, 2, 'Anova Feed', 'kg', '9500.00', '8075.00', '15.00', 'Gia cầm', '0.9839', 1),
  ('AF055', 'Anova Feed Vịt đẻ GĐ2', 22, 2, 'Anova Feed', 'kg', '9500.00', '8075.00', '15.00', 'Gia cầm', '0.6271', 1),
  ('AF056', 'Anova Feed Bò sữa cao sản', 23, 2, 'Anova Feed', 'kg', '11000.00', '9350.00', '15.00', 'Bò', '0.8864', 1),
  ('AF057', 'Anova Feed Bò sữa trung bình', 23, 2, 'Anova Feed', 'kg', '11000.00', '9350.00', '15.00', 'Bò', '1.0806', 1),
  ('AF058', 'Anova Feed Bò sữa cạn', 23, 2, 'Anova Feed', 'kg', '11000.00', '9350.00', '15.00', 'Bò', '0.9330', 1),
  ('AF059', 'Anova Feed Bò thịt vỗ béo', 24, 2, 'Anova Feed', 'kg', '10500.00', '8925.00', '15.00', 'Bò', '0.7447', 1),
  ('AF060', 'Anova Feed Bò thịt tăng trưởng', 24, 2, 'Anova Feed', 'kg', '10500.00', '8925.00', '15.00', 'Bò', '0.6309', 1),
  ('AF061', 'Anova Feed Bê con', 24, 2, 'Anova Feed', 'kg', '10500.00', '8925.00', '15.00', 'Bò', '0.6818', 1),
  ('AF062', 'Anova Feed Cá tra Starter', 13, 2, 'Anova Feed', 'kg', '12000.00', '10200.00', '15.00', 'Thủy sản', '0.3229', 1),
  ('AF063', 'Anova Feed Cá tra Grower', 13, 2, 'Anova Feed', 'kg', '11000.00', '9350.00', '15.00', 'Thủy sản', '0.4139', 1),
  ('AF064', 'Anova Feed Cá tra Finisher', 13, 2, 'Anova Feed', 'kg', '10500.00', '8925.00', '15.00', 'Thủy sản', '0.4447', 1),
  ('AF065', 'Anova Feed Tôm thẻ Starter', 13, 2, 'Anova Feed', 'kg', '15000.00', '12750.00', '15.00', 'Thủy sản', '0.3399', 1),
  ('AF066', 'Anova Feed Tôm thẻ Grower', 13, 2, 'Anova Feed', 'kg', '14000.00', '11900.00', '15.00', 'Thủy sản', '0.4164', 1),
  ('AF067', 'Anova Feed Tôm thẻ Finisher', 13, 2, 'Anova Feed', 'kg', '13000.00', '11050.00', '15.00', 'Thủy sản', '0.3505', 1),
  ('AF068', 'Anova Feed Cá rô phi Grower', 13, 2, 'Anova Feed', 'kg', '9500.00', '8075.00', '15.00', 'Thủy sản', '0.4390', 1),
  ('FM001', 'Heo thịt xuất chuồng (heo hơi)', 14, 3, 'Anova Farm', 'kg', '64000.00', '57600.00', '10.00', 'Heo', '5.0000', 1),
  ('FM002', 'Heo thịt xuất chuồng loại 1', 14, 3, 'Anova Farm', 'kg', '67000.00', '60300.00', '10.00', 'Heo', '3.0000', 1),
  ('FM003', 'Heo giống hậu bị cái', 14, 3, 'Anova Farm', 'con', '5500000.00', '4400000.00', '20.00', 'Heo', '1.5000', 1),
  ('FM004', 'Heo giống hậu bị đực', 14, 3, 'Anova Farm', 'con', '7000000.00', '5600000.00', '20.00', 'Heo', '0.8000', 1),
  ('FM005', 'Heo con giống (7kg)', 14, 3, 'Anova Farm', 'con', '1200000.00', '960000.00', '20.00', 'Heo', '2.5000', 1),
  ('FM006', 'Heo con giống (15kg)', 14, 3, 'Anova Farm', 'con', '1800000.00', '1440000.00', '20.00', 'Heo', '2.0000', 1),
  ('FM007', 'Gà thịt lông trắng xuất chuồng', 15, 3, 'Anova Farm', 'kg', '42000.00', '37800.00', '10.00', 'Gia cầm', '3.0000', 1),
  ('FM008', 'Gà thịt lông màu xuất chuồng', 15, 3, 'Anova Farm', 'kg', '50000.00', '45000.00', '10.00', 'Gia cầm', '2.0000', 1),
  ('FM009', 'Gà giống 1 ngày tuổi (lông trắng)', 15, 3, 'Anova Farm', 'con', '12000.00', '9600.00', '20.00', 'Gia cầm', '1.5000', 1),
  ('FM010', 'Gà giống 1 ngày tuổi (lông màu)', 15, 3, 'Anova Farm', 'con', '15000.00', '12000.00', '20.00', 'Gia cầm', '1.0000', 1),
  ('FM011', 'Trứng gà giống', 15, 3, 'Anova Farm', 'quả', '5000.00', '4000.00', '20.00', 'Gia cầm', '0.8000', 1),
  ('FM012', 'Bò thịt xuất chuồng (bò hơi)', 16, 3, 'Anova Agri', 'kg', '90000.00', '81000.00', '10.00', 'Bò', '2.0000', 1),
  ('FM013', 'Bò thịt loại 1', 16, 3, 'Anova Agri', 'kg', '95000.00', '85500.00', '10.00', 'Bò', '1.5000', 1),
  ('FM014', 'Sữa tươi nguyên liệu', 16, 3, 'Anova Agri', 'lít', '14000.00', '11200.00', '20.00', 'Bò', '3.0000', 1),
  ('FM015', 'Bê giống', 16, 3, 'Anova Agri', 'con', '15000000.00', '12000000.00', '20.00', 'Bò', '0.5000', 1),
  ('FM016', 'Phân bò hữu cơ', 16, 3, 'Anova Agri', 'tấn', '800000.00', '400000.00', '50.00', 'Bò', '0.3000', 1),
  ('FM017', 'Heo sữa nguyên con', 14, 3, 'Anova Farm', 'con', '800000.00', '640000.00', '20.00', 'Heo', '1.0000', 1),
  ('FM018', 'Gà ta thả vườn xuất chuồng', 15, 3, 'Anova Farm', 'kg', '55000.00', '46750.00', '15.00', 'Gia cầm', '0.8000', 1),
  ('FM019', 'Vịt thịt xuất chuồng', 15, 3, 'Anova Farm', 'kg', '45000.00', '38250.00', '15.00', 'Gia cầm', '0.5000', 1),
  ('FM020', 'Bò sữa loại thải', 16, 3, 'Anova Agri', 'kg', '75000.00', '67500.00', '10.00', 'Bò', '0.3000', 1);

INSERT INTO `raw_materials` (`material_code`, `material_name`, `material_name_en`, `material_category`, `unit`, `origin`, `cogs_share_pct`, `price_volatility`) VALUES
  ('NVL_NGO', 'Ngô hạt', 'Corn', 'Ngũ cốc', 'kg', 'Nhập khẩu', '35.00', 'Cao'),
  ('NVL_DTUONG', 'Khô đậu tương', 'Soybean Meal', 'Đạm thực vật', 'kg', 'Nhập khẩu', '25.00', 'Cao'),
  ('NVL_CAMGAO', 'Cám gạo', 'Rice Bran', 'Phụ phẩm', 'kg', 'Nội địa', '12.00', 'Thấp'),
  ('NVL_DDGS', 'DDGS (Bã ngô khô)', 'DDGS', 'Phụ phẩm', 'kg', 'Nhập khẩu', '8.00', 'Trung bình'),
  ('NVL_PREMIX', 'Premix vitamin & khoáng', 'Vitamin-Mineral Premix', 'Premix/Phụ gia', 'kg', 'Nhập khẩu', '5.00', 'Trung bình'),
  ('NVL_BOTCA', 'Bột cá', 'Fish Meal', 'Đạm thực vật', 'kg', 'Nội địa', '4.00', 'Trung bình'),
  ('NVL_DAUDAU', 'Dầu đậu nành', 'Soybean Oil', 'Ngũ cốc', 'kg', 'Nhập khẩu', '3.00', 'Trung bình'),
  ('NVL_LYSINE', 'Lysine HCl 98%', 'Lysine', 'Premix/Phụ gia', 'kg', 'Nhập khẩu', '2.00', 'Trung bình'),
  ('NVL_METHIONINE', 'DL-Methionine 99%', 'Methionine', 'Premix/Phụ gia', 'kg', 'Nhập khẩu', '2.00', 'Trung bình'),
  ('NVL_MUOI', 'Muối & chất tạo viên', 'Salt & Pellet Binder', 'Khác', 'kg', 'Nội địa', '1.00', 'Thấp'),
  ('NVL_CAMMI', 'Cám mì', 'Wheat Bran', 'Phụ phẩm', 'kg', 'Cả hai', '3.00', 'Thấp'),
  ('NVL_API', 'Active Pharmaceutical Ingredients (API)', 'API', 'Dược liệu', 'kg', 'Nhập khẩu', NULL, 'Cao'),
  ('NVL_TADUOC', 'Tá dược', 'Excipients', 'Tá dược', 'kg', 'Cả hai', NULL, 'Thấp'),
  ('NVL_BAOBI', 'Bao bì dược phẩm', 'Pharma Packaging', 'Khác', 'kg', 'Nội địa', NULL, 'Thấp'),
  ('NVL_ADJUVANT', 'Adjuvant (tá dược vaccine)', 'Vaccine Adjuvant', 'Dược liệu', 'kg', 'Nhập khẩu', NULL, 'Trung bình');

INSERT INTO `suppliers` (`supplier_code`, `supplier_name`, `country`, `supplier_type`, `region_id`) VALUES
  ('SUP_CARGILL', 'Cargill Trading (Vietnam)', 'Mỹ', 'NVL TACN', NULL),
  ('SUP_BUNGE', 'Bunge Asia', 'Argentina', 'NVL TACN', NULL),
  ('SUP_ADM', 'ADM Vietnam', 'Mỹ', 'NVL TACN', NULL),
  ('SUP_COFCO', 'COFCO International', 'Trung Quốc', 'NVL TACN', NULL),
  ('SUP_LDC', 'Louis Dreyfus Company', 'Pháp', 'NVL TACN', NULL),
  ('SUP_CJ_BIO', 'CJ Bio (Amino Acid)', 'Hàn Quốc', 'NVL TACN', NULL),
  ('SUP_EVONIK', 'Evonik Vietnam (Methionine)', 'Đức', 'NVL TACN', NULL),
  ('SUP_DSM', 'DSM Animal Nutrition', 'Hà Lan', 'NVL TACN', NULL),
  ('SUP_WILMAR', 'Wilmar International', 'Singapore', 'NVL TACN', NULL),
  ('SUP_OLAM', 'Olam Agri Vietnam', 'Singapore', 'NVL TACN', NULL),
  ('SUP_CAMGAO_AG', 'HTX Lúa gạo An Giang', 'Việt Nam', 'NVL TACN', 6),
  ('SUP_CAMGAO_CT', 'Công ty TNHH Cám Cần Thơ', 'Việt Nam', 'NVL TACN', 25),
  ('SUP_BOTCA_KH', 'Công ty CP Bột cá Khánh Hòa', 'Việt Nam', 'NVL TACN', 3),
  ('SUP_BOTCA_BTH', 'Cơ sở Bột cá Bình Thuận', 'Việt Nam', 'NVL TACN', 22),
  ('SUP_CORN_SL', 'HTX Ngô Sơn La', 'Việt Nam', 'NVL TACN', 12),
  ('SUP_MUOI_NA', 'Muối Nghệ An', 'Việt Nam', 'NVL TACN', 14),
  ('SUP_CAMMI_HN', 'Nhà máy Bột mì Hà Nội', 'Việt Nam', 'NVL TACN', 8),
  ('SUP_CAMMI_BD', 'Nhà máy Bột mì Bình Dương', 'Việt Nam', 'NVL TACN', 20),
  ('SUP_CAMGAO_TB', 'HTX Lúa gạo Thái Bình', 'Việt Nam', 'NVL TACN', 11),
  ('SUP_CAMGAO_TG', 'HTX Lúa gạo Tiền Giang', 'Việt Nam', 'NVL TACN', 23),
  ('SUP_API_CN', 'Zhejiang Pharma (API Trung Quốc)', 'Trung Quốc', 'NVL Thuốc', NULL),
  ('SUP_API_IN', 'Aurobindo Pharma India', 'Ấn Độ', 'NVL Thuốc', NULL),
  ('SUP_API_EU', 'Huvepharma (EU API)', 'Bulgaria', 'NVL Thuốc', NULL),
  ('SUP_TADUOC_VN', 'Công ty CP Tá dược Việt Nam', 'Việt Nam', 'NVL Thuốc', 20),
  ('SUP_ADJ_FR', 'SEPPIC (Adjuvant Pháp)', 'Pháp', 'NVL Thuốc', NULL),
  ('SUP_BAOBI_BD', 'Bao bì Đại Đồng Bình Dương', 'Việt Nam', 'Bao bì', 20),
  ('SUP_BAOBI_LA', 'Bao bì Long An', 'Việt Nam', 'Bao bì', 21),
  ('SUP_BAOBI_HY', 'Bao bì Hưng Yên', 'Việt Nam', 'Bao bì', 9),
  ('SUP_PHUGGIA_KR', 'Daesang Group (phụ gia)', 'Hàn Quốc', 'Khác', NULL),
  ('SUP_PHUGGIA_JP', 'Ajinomoto Animal Nutrition', 'Nhật Bản', 'Khác', NULL);

INSERT INTO `distribution_channels` (`channel_code`, `channel_name`, `channel_type`, `segment_id`) VALUES
  ('CH_DL1_TACN', 'Đại lý cấp 1 TACN', 'Đại lý', 2),
  ('CH_DL2_TACN', 'Đại lý cấp 2 TACN', 'Đại lý', 2),
  ('CH_TT_TACN', 'Trang trại lớn (TACN trực tiếp)', 'Trang trại lớn', 2),
  ('CH_XK_TACN', 'Xuất khẩu TACN', 'Xuất khẩu', 2),
  ('CH_DL_THUOC', 'Đại lý thuốc thú y', 'Đại lý', 1),
  ('CH_BV_THUOC', 'Bệnh viện thú y / Cơ sở tiêm phòng', 'Bệnh viện thú y', 1),
  ('CH_TT_THUOC', 'Trang trại lớn (thuốc trực tiếp)', 'Trang trại lớn', 1),
  ('CH_XK_THUOC', 'Xuất khẩu thuốc thú y', 'Xuất khẩu', 1),
  ('CH_NOIBO', 'Nội bộ — trang trại Nova', 'Nội bộ', 2),
  ('CH_ONLINE', 'Online (B2B platform)', 'Online', 1);

INSERT INTO `customers` (`customer_code`, `customer_name`, `customer_type`, `region_id`, `channel_id`, `segment_id`, `revenue_tier`) VALUES
  ('KH_TACN_001', 'Đại lý TACN Phát Đạt (Đồng Nai)', 'Đại lý cấp 1', 19, 1, 2, 'A'),
  ('KH_TACN_002', 'Trang trại Hoàng Gia (Bình Dương)', 'Trang trại lớn', 20, 3, 2, 'A'),
  ('KH_TACN_003', 'Cơ sở TACN Vũ Thị Lan', 'Đại lý cấp 1', 20, 1, 2, 'A'),
  ('KH_TACN_004', 'HTX TACN Võ Thị Mai', 'Đại lý cấp 1', 25, 1, 2, 'A'),
  ('KH_TACN_005', 'Đại lý TACN Vũ Thị Hoa', 'Đại lý cấp 1', 23, 1, 2, 'A'),
  ('KH_TACN_006', 'HTX TACN Võ Hữu Tài', 'Đại lý cấp 1', 23, 1, 2, 'A'),
  ('KH_TACN_007', 'Cơ sở TACN Bùi Quốc Hưng', 'Đại lý cấp 1', 21, 1, 2, 'A'),
  ('KH_TACN_008', 'HTX TACN Dương Minh Đức', 'Đại lý cấp 1', 25, 1, 2, 'A'),
  ('KH_TACN_009', 'Cửa hàng TACN Vũ Anh Tuấn', 'Đại lý cấp 1', 22, 1, 2, 'A'),
  ('KH_TACN_010', 'Cơ sở TACN Hồ Đức Thắng', 'Đại lý cấp 1', 24, 1, 2, 'A'),
  ('KH_TACN_011', 'Cửa hàng TACN Lý Hữu Tài', 'Đại lý cấp 1', 21, 1, 2, 'A'),
  ('KH_TACN_012', 'Đại lý TACN Hoàng Thị Lan', 'Đại lý cấp 1', 18, 1, 2, 'A'),
  ('KH_TACN_013', 'Cơ sở TACN Lê Quang Hải', 'Đại lý cấp 1', 24, 1, 2, 'A'),
  ('KH_TACN_014', 'Cơ sở TACN Dương Anh Tuấn', 'Đại lý cấp 1', 24, 1, 2, 'A'),
  ('KH_TACN_015', 'Công ty TNHH TACN Phạm Anh Tuấn', 'Đại lý cấp 1', 18, 1, 2, 'A'),
  ('KH_TACN_016', 'Đại lý TACN Đặng Thị Ngọc', 'Đại lý cấp 1', 23, 1, 2, 'A'),
  ('KH_TACN_017', 'HTX TACN Nguyễn Anh Tuấn', 'Đại lý cấp 1', 20, 1, 2, 'B'),
  ('KH_TACN_018', 'Cơ sở TACN Phạm Văn Hùng', 'Đại lý cấp 1', 20, 1, 2, 'B'),
  ('KH_TACN_019', 'Cửa hàng TACN Đỗ Thị Lan', 'Đại lý cấp 1', 21, 1, 2, 'B'),
  ('KH_TACN_020', 'Cơ sở TACN Bùi Thị Phương', 'Đại lý cấp 1', 18, 1, 2, 'B'),
  ('KH_TACN_021', 'Đại lý TACN Đỗ Văn Hùng', 'Đại lý cấp 1', 18, 1, 2, 'B'),
  ('KH_TACN_022', 'Đại lý TACN Vũ Hữu Tài', 'Đại lý cấp 1', 21, 1, 2, 'B'),
  ('KH_TACN_023', 'Công ty TNHH TACN Lý Hữu Tài', 'Đại lý cấp 1', 19, 1, 2, 'B'),
  ('KH_TACN_024', 'Cửa hàng TACN Lý Thị Lan', 'Đại lý cấp 1', 20, 1, 2, 'B'),
  ('KH_TACN_025', 'Cơ sở TACN Ngô Quốc Hưng', 'Đại lý cấp 1', 22, 1, 2, 'B'),
  ('KH_TACN_026', 'Công ty TNHH TACN Đặng Quang Hải', 'Đại lý cấp 2', 21, 2, 2, 'B'),
  ('KH_TACN_027', 'HTX TACN Dương Thanh Tùng', 'Đại lý cấp 2', 23, 2, 2, 'B'),
  ('KH_TACN_028', 'Cửa hàng TACN Lê Thị Thu', 'Đại lý cấp 2', 21, 2, 2, 'B'),
  ('KH_TACN_029', 'Cơ sở TACN Vũ Thị Mai', 'Đại lý cấp 2', 18, 2, 2, 'B'),
  ('KH_TACN_030', 'Đại lý TACN Trần Thị Mai', 'Đại lý cấp 2', 18, 2, 2, 'B'),
  ('KH_TACN_031', 'Đại lý TACN Bùi Hữu Tài', 'Đại lý cấp 2', 19, 2, 2, 'B'),
  ('KH_TACN_032', 'Trang trại TACN Lý Quốc Hưng', 'Đại lý cấp 2', 21, 2, 2, 'B'),
  ('KH_TACN_033', 'Công ty TNHH TACN Lý Thị Mai', 'Đại lý cấp 2', 20, 2, 2, 'B'),
  ('KH_TACN_034', 'HTX TACN Phan Thanh Tùng', 'Đại lý cấp 2', 25, 2, 2, 'B'),
  ('KH_TACN_035', 'Công ty TNHH TACN Ngô Đức Thắng', 'Đại lý cấp 2', 19, 2, 2, 'B'),
  ('KH_TACN_036', 'HTX TACN Dương Thị Hoa', 'Đại lý cấp 2', 24, 2, 2, 'B'),
  ('KH_TACN_037', 'Đại lý TACN Hồ Thị Thu', 'Đại lý cấp 2', 19, 2, 2, 'B'),
  ('KH_TACN_038', 'Cửa hàng TACN Phan Quốc Hưng', 'Đại lý cấp 2', 19, 2, 2, 'B'),
  ('KH_TACN_039', 'Cửa hàng TACN Ngô Thị Lan', 'Đại lý cấp 2', 25, 2, 2, 'B'),
  ('KH_TACN_040', 'HTX TACN Vũ Hữu Tài', 'Đại lý cấp 2', 22, 2, 2, 'B'),
  ('KH_TACN_041', 'Cơ sở TACN Phạm Thị Hoa', 'Đại lý cấp 2', 25, 2, 2, 'C'),
  ('KH_TACN_042', 'Đại lý TACN Vũ Thị Lan', 'Đại lý cấp 2', 18, 2, 2, 'C'),
  ('KH_TACN_043', 'HTX TACN Lý Quốc Hưng', 'Đại lý cấp 2', 24, 2, 2, 'C'),
  ('KH_TACN_044', 'Đại lý TACN Huỳnh Quang Hải', 'Đại lý cấp 2', 24, 2, 2, 'C'),
  ('KH_TACN_045', 'HTX TACN Võ Văn Long', 'Đại lý cấp 2', 18, 2, 2, 'C'),
  ('KH_TACN_046', 'HTX TACN Lý Minh Đức', 'Đại lý cấp 2', 22, 2, 2, 'C'),
  ('KH_TACN_047', 'Trang trại TACN Phan Thị Hoa', 'Đại lý cấp 2', 21, 2, 2, 'C'),
  ('KH_TACN_048', 'Công ty TNHH TACN Bùi Thị Hoa', 'Đại lý cấp 2', 18, 2, 2, 'C'),
  ('KH_TACN_049', 'Cơ sở TACN Lý Thị Lan', 'Đại lý cấp 2', 8, 2, 2, 'C'),
  ('KH_TACN_050', 'Cơ sở TACN Lê Thị Lan', 'Đại lý cấp 2', 8, 2, 2, 'C'),
  ('KH_TACN_051', 'Cơ sở TACN Lê Thị Mai', 'Đại lý cấp 2', 8, 2, 2, 'C'),
  ('KH_TACN_052', 'Đại lý TACN Vũ Thị Hoa', 'Đại lý cấp 2', 11, 2, 2, 'C'),
  ('KH_TACN_053', 'Đại lý TACN Ngô Thị Thu', 'Đại lý cấp 2', 12, 2, 2, 'C'),
  ('KH_TACN_054', 'Cửa hàng TACN Bùi Thị Mai', 'Đại lý cấp 2', 10, 2, 2, 'C'),
  ('KH_TACN_055', 'HTX TACN Hoàng Văn Hùng', 'Đại lý cấp 2', 10, 2, 2, 'C'),
  ('KH_TACN_056', 'Trang trại Bùi Hữu Tài', 'Trang trại lớn', 11, 3, 2, 'C'),
  ('KH_TACN_057', 'Trang trại Dương Thanh Tùng', 'Trang trại lớn', 8, 3, 2, 'C'),
  ('KH_TACN_058', 'Trang trại Phan Anh Tuấn', 'Trang trại lớn', 8, 3, 2, 'C'),
  ('KH_TACN_059', 'Trang trại Đỗ Hữu Tài', 'Trang trại lớn', 9, 3, 2, 'C'),
  ('KH_TACN_060', 'Trang trại Đỗ Văn Hùng', 'Trang trại lớn', 9, 3, 2, 'C'),
  ('KH_TACN_061', 'Trang trại Dương Văn Hùng', 'Trang trại lớn', 9, 3, 2, 'C'),
  ('KH_TACN_062', 'Trang trại Nguyễn Văn Hùng', 'Trang trại lớn', 12, 3, 2, 'C'),
  ('KH_TACN_063', 'Trang trại Hoàng Anh Tuấn', 'Trang trại lớn', 8, 3, 2, 'C'),
  ('KH_TACN_064', 'Trang trại Phạm Minh Đức', 'Trang trại lớn', 8, 3, 2, 'C'),
  ('KH_TACN_065', 'Trang trại Đặng Quốc Hưng', 'Trang trại lớn', 10, 3, 2, 'C'),
  ('KH_TACN_066', 'Trang trại Phan Anh Tuấn', 'Trang trại lớn', 10, 3, 2, 'C'),
  ('KH_TACN_067', 'Trang trại Lý Anh Tuấn', 'Trang trại lớn', 12, 3, 2, 'C'),
  ('KH_TACN_068', 'Trang trại Lê Thị Ngọc', 'Trang trại lớn', 8, 3, 2, 'C'),
  ('KH_TACN_069', 'Trang trại Trần Văn Minh', 'Trang trại lớn', 10, 3, 2, 'C'),
  ('KH_TACN_070', 'Trang trại Hoàng Anh Tuấn', 'Trang trại lớn', 10, 3, 2, 'C'),
  ('KH_TACN_071', 'Trang trại Dương Thị Ngọc', 'Trang trại lớn', 9, 3, 2, 'C'),
  ('KH_TACN_072', 'Trang trại Nguyễn Thanh Tùng', 'Trang trại lớn', 12, 3, 2, 'C'),
  ('KH_TACN_073', 'Trang trại Hoàng Thị Hoa', 'Trang trại lớn', 13, 3, 2, 'C'),
  ('KH_TACN_074', 'Trang trại Hoàng Thị Ngọc', 'Trang trại lớn', 15, 3, 2, 'C'),
  ('KH_TACN_075', 'Trang trại Trần Văn Hùng', 'Trang trại lớn', 14, 3, 2, 'C'),
  ('KH_TACN_076', 'Trang trại Trần Đức Thắng', 'Trang trại lớn', 15, 3, 2, 'C'),
  ('KH_TACN_077', 'Trang trại Vũ Thanh Tùng', 'Trang trại lớn', 14, 3, 2, 'C'),
  ('KH_TACN_078', 'Trang trại Ngô Minh Đức', 'Trang trại lớn', 15, 3, 2, 'C'),
  ('KH_TACN_079', 'Trang trại Huỳnh Thị Lan', 'Trang trại lớn', 14, 3, 2, 'C'),
  ('KH_TACN_080', 'Trang trại Nguyễn Thị Lan', 'Trang trại lớn', 16, 3, 2, 'C'),
  ('KH_THUOC_081', 'Đại lý thuốc thú y Ngô Thị Mai', 'Đại lý cấp 1', 23, 5, 1, 'A'),
  ('KH_THUOC_082', 'Đại lý thuốc thú y Huỳnh Thanh Tùng', 'Đại lý cấp 1', 22, 5, 1, 'A'),
  ('KH_THUOC_083', 'Đại lý thuốc thú y Trần Thị Phương', 'Đại lý cấp 1', 24, 5, 1, 'A'),
  ('KH_THUOC_084', 'Đại lý thuốc thú y Phan Văn Long', 'Đại lý cấp 1', 21, 5, 1, 'A'),
  ('KH_THUOC_085', 'Đại lý thuốc thú y Đặng Thị Mai', 'Đại lý cấp 1', 23, 5, 1, 'A'),
  ('KH_THUOC_086', 'Đại lý thuốc thú y Nguyễn Quốc Hưng', 'Đại lý cấp 1', 21, 5, 1, 'A'),
  ('KH_THUOC_087', 'Đại lý thuốc thú y Bùi Anh Tuấn', 'Đại lý cấp 1', 24, 5, 1, 'A'),
  ('KH_THUOC_088', 'Đại lý thuốc thú y Võ Đức Thắng', 'Đại lý cấp 1', 19, 5, 1, 'A'),
  ('KH_THUOC_089', 'Đại lý thuốc thú y Bùi Văn Minh', 'Đại lý cấp 1', 24, 5, 1, 'A'),
  ('KH_THUOC_090', 'Đại lý thuốc thú y Võ Thị Lan', 'Đại lý cấp 1', 19, 5, 1, 'A'),
  ('KH_THUOC_091', 'Đại lý thuốc thú y Trần Thanh Tùng', 'Đại lý cấp 1', 22, 5, 1, 'A'),
  ('KH_THUOC_092', 'Đại lý thuốc thú y Đỗ Thị Thu', 'Đại lý cấp 1', 24, 5, 1, 'A'),
  ('KH_THUOC_093', 'Đại lý thuốc thú y Phạm Quang Hải', 'Đại lý cấp 1', 24, 5, 1, 'A'),
  ('KH_THUOC_094', 'Đại lý thuốc thú y Võ Thị Hoa', 'Đại lý cấp 1', 21, 5, 1, 'A'),
  ('KH_THUOC_095', 'Đại lý thuốc thú y Nguyễn Quốc Hưng', 'Đại lý cấp 1', 24, 5, 1, 'A'),
  ('KH_THUOC_096', 'Đại lý thuốc thú y Ngô Hữu Tài', 'Đại lý cấp 1', 23, 5, 1, 'A'),
  ('KH_THUOC_097', 'Đại lý thuốc thú y Bùi Thanh Tùng', 'Đại lý cấp 1', 23, 5, 1, 'B'),
  ('KH_THUOC_098', 'Đại lý thuốc thú y Đặng Thị Ngọc', 'Đại lý cấp 1', 22, 5, 1, 'B'),
  ('KH_THUOC_099', 'Đại lý thuốc thú y Hồ Văn Hùng', 'Đại lý cấp 1', 23, 5, 1, 'B'),
  ('KH_THUOC_100', 'Đại lý thuốc thú y Phan Thị Ngọc', 'Đại lý cấp 1', 20, 5, 1, 'B'),
  ('KH_THUOC_101', 'Đại lý thuốc thú y Huỳnh Văn Hùng', 'Đại lý cấp 1', 24, 5, 1, 'B'),
  ('KH_THUOC_102', 'Đại lý thuốc thú y Nguyễn Văn Hùng', 'Đại lý cấp 1', 24, 5, 1, 'B'),
  ('KH_THUOC_103', 'Đại lý thuốc thú y Phan Thị Ngọc', 'Đại lý cấp 1', 22, 5, 1, 'B'),
  ('KH_THUOC_104', 'Đại lý thuốc thú y Dương Văn Long', 'Đại lý cấp 1', 23, 5, 1, 'B'),
  ('KH_THUOC_105', 'Đại lý thuốc thú y Phan Thị Phương', 'Đại lý cấp 1', 25, 5, 1, 'B'),
  ('KH_THUOC_106', 'Đại lý thuốc thú y Lê Văn Hùng', 'Đại lý cấp 1', 20, 5, 1, 'B'),
  ('KH_THUOC_107', 'Đại lý thuốc thú y Lê Thị Mai', 'Đại lý cấp 1', 23, 5, 1, 'B'),
  ('KH_THUOC_108', 'Đại lý thuốc thú y Vũ Quốc Hưng', 'Đại lý cấp 1', 22, 5, 1, 'B'),
  ('KH_THUOC_109', 'Đại lý thuốc thú y Nguyễn Thị Hoa', 'Đại lý cấp 1', 20, 5, 1, 'B'),
  ('KH_THUOC_110', 'Đại lý thuốc thú y Lý Hữu Tài', 'Đại lý cấp 1', 21, 5, 1, 'B'),
  ('KH_THUOC_111', 'Phòng khám thú y Ngô Quốc Hưng', 'Bệnh viện thú y', 25, 6, 1, 'B'),
  ('KH_THUOC_112', 'Phòng khám thú y Lý Quang Hải', 'Bệnh viện thú y', 24, 6, 1, 'B'),
  ('KH_THUOC_113', 'Phòng khám thú y Hoàng Văn Minh', 'Bệnh viện thú y', 21, 6, 1, 'B'),
  ('KH_THUOC_114', 'Phòng khám thú y Ngô Thị Mai', 'Bệnh viện thú y', 19, 6, 1, 'B'),
  ('KH_THUOC_115', 'Phòng khám thú y Dương Thị Hoa', 'Bệnh viện thú y', 20, 6, 1, 'B'),
  ('KH_THUOC_116', 'Phòng khám thú y Phạm Văn Long', 'Bệnh viện thú y', 21, 6, 1, 'B'),
  ('KH_THUOC_117', 'Phòng khám thú y Dương Thị Thu', 'Bệnh viện thú y', 20, 6, 1, 'B'),
  ('KH_THUOC_118', 'Phòng khám thú y Ngô Văn Long', 'Bệnh viện thú y', 25, 6, 1, 'B'),
  ('KH_THUOC_119', 'Phòng khám thú y Lý Văn Long', 'Bệnh viện thú y', 20, 6, 1, 'B'),
  ('KH_THUOC_120', 'Phòng khám thú y Vũ Anh Tuấn', 'Bệnh viện thú y', 22, 6, 1, 'B'),
  ('KH_THUOC_121', 'Phòng khám thú y Vũ Anh Tuấn', 'Bệnh viện thú y', 25, 6, 1, 'C'),
  ('KH_THUOC_122', 'Phòng khám thú y Lê Văn Hùng', 'Bệnh viện thú y', 25, 6, 1, 'C'),
  ('KH_THUOC_123', 'Phòng khám thú y Võ Thị Thu', 'Bệnh viện thú y', 21, 6, 1, 'C'),
  ('KH_THUOC_124', 'Phòng khám thú y Lê Minh Đức', 'Bệnh viện thú y', 23, 6, 1, 'C'),
  ('KH_THUOC_125', 'Phòng khám thú y Vũ Quang Hải', 'Bệnh viện thú y', 20, 6, 1, 'C'),
  ('KH_THUOC_126', 'Phòng khám thú y Phan Hữu Tài', 'Bệnh viện thú y', 20, 6, 1, 'C'),
  ('KH_THUOC_127', 'Phòng khám thú y Ngô Thị Thu', 'Bệnh viện thú y', 24, 6, 1, 'C'),
  ('KH_THUOC_128', 'Phòng khám thú y Ngô Thị Hoa', 'Bệnh viện thú y', 25, 6, 1, 'C'),
  ('KH_THUOC_129', 'Phòng khám thú y Ngô Quang Hải', 'Bệnh viện thú y', 9, 6, 1, 'C'),
  ('KH_THUOC_130', 'Phòng khám thú y Nguyễn Quang Hải', 'Bệnh viện thú y', 12, 6, 1, 'C'),
  ('KH_THUOC_131', 'Phòng khám thú y Nguyễn Đức Thắng', 'Bệnh viện thú y', 11, 6, 1, 'C'),
  ('KH_THUOC_132', 'Phòng khám thú y Hồ Thị Ngọc', 'Bệnh viện thú y', 10, 6, 1, 'C'),
  ('KH_THUOC_133', 'Phòng khám thú y Vũ Thị Phương', 'Bệnh viện thú y', 12, 6, 1, 'C'),
  ('KH_THUOC_134', 'Phòng khám thú y Võ Thị Ngọc', 'Bệnh viện thú y', 9, 6, 1, 'C'),
  ('KH_THUOC_135', 'Phòng khám thú y Nguyễn Quang Hải', 'Bệnh viện thú y', 11, 6, 1, 'C'),
  ('KH_THUOC_136', 'Trang trại Hồ Thị Lan', 'Trang trại lớn', 10, 7, 1, 'C'),
  ('KH_THUOC_137', 'Trang trại Hoàng Văn Minh', 'Trang trại lớn', 11, 7, 1, 'C'),
  ('KH_THUOC_138', 'Trang trại Nguyễn Hữu Tài', 'Trang trại lớn', 11, 7, 1, 'C'),
  ('KH_THUOC_139', 'Trang trại Hoàng Văn Long', 'Trang trại lớn', 11, 7, 1, 'C'),
  ('KH_THUOC_140', 'Trang trại Trần Anh Tuấn', 'Trang trại lớn', 9, 7, 1, 'C'),
  ('KH_THUOC_141', 'Trang trại Bùi Quốc Hưng', 'Trang trại lớn', 11, 7, 1, 'C'),
  ('KH_THUOC_142', 'Trang trại Bùi Thị Thu', 'Trang trại lớn', 11, 7, 1, 'C'),
  ('KH_THUOC_143', 'Trang trại Võ Thị Ngọc', 'Trang trại lớn', 11, 7, 1, 'C'),
  ('KH_THUOC_144', 'Trang trại Lê Thị Phương', 'Trang trại lớn', 10, 7, 1, 'C'),
  ('KH_THUOC_145', 'Trang trại Trần Đức Thắng', 'Trang trại lớn', 8, 7, 1, 'C'),
  ('KH_THUOC_146', 'Trang trại Lê Thị Hoa', 'Trang trại lớn', 9, 7, 1, 'C'),
  ('KH_THUOC_147', 'Trang trại Vũ Quốc Hưng', 'Trang trại lớn', 8, 7, 1, 'C'),
  ('KH_THUOC_148', 'Trang trại Hoàng Thị Mai', 'Trang trại lớn', 8, 7, 1, 'C'),
  ('KH_THUOC_149', 'Trang trại Lý Thanh Tùng', 'Trang trại lớn', 9, 7, 1, 'C'),
  ('KH_THUOC_150', 'Trang trại Phan Văn Long', 'Trang trại lớn', 12, 7, 1, 'C'),
  ('KH_THUOC_151', 'Trang trại Đỗ Thị Lan', 'Trang trại lớn', 10, 7, 1, 'C'),
  ('KH_THUOC_152', 'Trang trại Phạm Thị Lan', 'Trang trại lớn', 12, 7, 1, 'C'),
  ('KH_THUOC_153', 'Trang trại Phạm Văn Minh', 'Trang trại lớn', 15, 7, 1, 'C'),
  ('KH_THUOC_154', 'Trang trại Hồ Quang Hải', 'Trang trại lớn', 15, 7, 1, 'C'),
  ('KH_THUOC_155', 'Trang trại Lê Thị Mai', 'Trang trại lớn', 14, 7, 1, 'C'),
  ('KH_THUOC_156', 'Trang trại Đặng Thanh Tùng', 'Trang trại lớn', 13, 7, 1, 'C'),
  ('KH_THUOC_157', 'Trang trại Trần Đức Thắng', 'Trang trại lớn', 17, 7, 1, 'C'),
  ('KH_THUOC_158', 'Trang trại Ngô Đức Thắng', 'Trang trại lớn', 17, 7, 1, 'C'),
  ('KH_THUOC_159', 'Trang trại Bùi Văn Minh', 'Trang trại lớn', 13, 7, 1, 'C'),
  ('KH_THUOC_160', 'Trang trại Lý Thanh Tùng', 'Trang trại lớn', 16, 7, 1, 'C'),
  ('KH_XK_161', 'Export Partner Philippines #1', 'Xuất khẩu', 7, 4, 2, 'A'),
  ('KH_XK_162', 'Export Partner Myanmar #2', 'Xuất khẩu', 7, 4, 2, 'A'),
  ('KH_XK_163', 'Export Partner Bangladesh #3', 'Xuất khẩu', 7, 4, 2, 'A'),
  ('KH_XK_164', 'Export Partner Philippines #4', 'Xuất khẩu', 7, 4, 2, 'A'),
  ('KH_XK_165', 'Export Partner Bangladesh #5', 'Xuất khẩu', 7, 4, 2, 'B'),
  ('KH_XK_166', 'Export Partner Lào #6', 'Xuất khẩu', 7, 4, 2, 'B'),
  ('KH_XK_167', 'Export Partner Philippines #7', 'Xuất khẩu', 7, 4, 2, 'B'),
  ('KH_XK_168', 'Export Partner Lào #8', 'Xuất khẩu', 7, 4, 2, 'B'),
  ('KH_XK_169', 'Export Partner Bangladesh #9', 'Xuất khẩu', 7, 4, 2, 'B'),
  ('KH_XK_170', 'Export Partner Indonesia #10', 'Xuất khẩu', 7, 4, 2, 'B'),
  ('KH_XK_171', 'Export Partner Bangladesh #11', 'Xuất khẩu', 7, 4, 2, 'C'),
  ('KH_XK_172', 'Export Partner Myanmar #12', 'Xuất khẩu', 7, 4, 2, 'C'),
  ('KH_XK_173', 'Pharma Export Indonesia #1', 'Xuất khẩu', 7, 8, 1, 'C'),
  ('KH_XK_174', 'Pharma Export Indonesia #2', 'Xuất khẩu', 7, 8, 1, 'C'),
  ('KH_XK_175', 'Pharma Export Philippines #3', 'Xuất khẩu', 7, 8, 1, 'C'),
  ('KH_XK_176', 'Pharma Export Philippines #4', 'Xuất khẩu', 7, 8, 1, 'C'),
  ('KH_XK_177', 'Pharma Export Philippines #5', 'Xuất khẩu', 7, 8, 1, 'C'),
  ('KH_XK_178', 'Pharma Export Bangladesh #6', 'Xuất khẩu', 7, 8, 1, 'C'),
  ('KH_XK_179', 'Pharma Export Indonesia #7', 'Xuất khẩu', 7, 8, 1, 'C'),
  ('KH_XK_180', 'Pharma Export Myanmar #8', 'Xuất khẩu', 7, 8, 1, 'C'),
  ('KH_NB_181', 'Nội bộ - Anova Farm #1 (TACN)', 'Nội bộ', 16, 9, 2, 'B'),
  ('KH_NB_182', 'Nội bộ - Anova Farm #2 (TACN)', 'Nội bộ', 22, 9, 2, 'B'),
  ('KH_NB_183', 'Nội bộ - Anova Farm #3 (TACN)', 'Nội bộ', 22, 9, 2, 'B'),
  ('KH_NB_184', 'Nội bộ - Anova Farm #4 (TACN)', 'Nội bộ', 16, 9, 2, 'B'),
  ('KH_NB_185', 'Nội bộ - Anova Farm #5 (TACN)', 'Nội bộ', 16, 9, 2, 'B'),
  ('KH_NB_186', 'Nội bộ - Anova Farm #6 (TACN)', 'Nội bộ', 22, 9, 2, 'B'),
  ('KH_NB_187', 'Nội bộ - Anova Farm #7 (TACN)', 'Nội bộ', 16, 9, 2, 'B'),
  ('KH_NB_188', 'Nội bộ - Anova Farm #8 (TACN)', 'Nội bộ', 20, 9, 2, 'B'),
  ('KH_NB_189', 'Nội bộ - Anova Farm #9 (TACN)', 'Nội bộ', 20, 9, 2, 'B'),
  ('KH_NB_190', 'Nội bộ - Anova Farm #10 (TACN)', 'Nội bộ', 20, 9, 2, 'B'),
  ('KH_NB_191', 'Nội bộ - Anova Farm #1 (Thuốc)', 'Nội bộ', 16, 9, 1, 'B'),
  ('KH_NB_192', 'Nội bộ - Anova Farm #2 (Thuốc)', 'Nội bộ', 16, 9, 1, 'B'),
  ('KH_NB_193', 'Nội bộ - Anova Farm #3 (Thuốc)', 'Nội bộ', 22, 9, 1, 'B'),
  ('KH_NB_194', 'Nội bộ - Anova Farm #4 (Thuốc)', 'Nội bộ', 16, 9, 1, 'B'),
  ('KH_NB_195', 'Nội bộ - Anova Farm #5 (Thuốc)', 'Nội bộ', 16, 9, 1, 'B'),
  ('KH_NB_196', 'Nội bộ - Anova Farm #6 (Thuốc)', 'Nội bộ', 22, 9, 1, 'B'),
  ('KH_NB_197', 'Nội bộ - Anova Farm #7 (Thuốc)', 'Nội bộ', 16, 9, 1, 'B'),
  ('KH_NB_198', 'Nội bộ - Anova Farm #8 (Thuốc)', 'Nội bộ', 22, 9, 1, 'B'),
  ('KH_NB_199', 'Nội bộ - Anova Farm #9 (Thuốc)', 'Nội bộ', 16, 9, 1, 'B'),
  ('KH_NB_200', 'Nội bộ - Anova Farm #10 (Thuốc)', 'Nội bộ', 16, 9, 1, 'B');

